word|Sub|emotion
abandonado|Decepcionado|Tristeza
abandonar|Agobiado|Tristeza
abogado|Seguridad|Confianza
absoluto|Entusiasmado|Alegría
absurdo|Desafortunado|Enfado
abuso|molesto|Enfado
accidente|Aterrado|Miedo
acelerar|Admiración|Sorpresa
aceptable|Encantado|Alegría
aceptación|Encantado|Alegría
aceptando|Fascinado|Alegría
aclarar|Seguridad|Confianza
aconsejable|Fe|Confianza
acuerdo|Franqueza|Confianza
adecuado|Esperanza|Confianza
admisible|Esperanza|Confianza
adquirir|Encantado|Alegría
advertencia|Angustiado|Miedo
advertir|Determinación|Confianza
afán|Extrañeza|Sorpresa
afectaban|Molestia|Enfado
afectaciones|Molestia|Enfado
afectada|Molestia|Enfado
afectadas|Molestia|Enfado
afectado|Molestia|Enfado
afectan|Molestia|Enfado
afectando|Molestia|Enfado
afectar|Molestia|Enfado
afectara|Molestia|Enfado
afectará|Molestia|Enfado
afectaran|Molestia|Enfado
afectaría|Molestia|Enfado
afectaríamos|Molestia|Enfado
afectarían|Molestia|Enfado
afectarlo|Molestia|Enfado
afectaron|Molestia|Enfado
afectarse|Molestia|Enfado
afecten|Molestia|Enfado
afirmación|Encantado|Alegría
afirmar|Franqueza|Confianza
ágil|Entusiasmado|Alegría
agilicen|Molesto|Enfado
agilidad|Tranquilo|Alegría
agilizaran|Molesto|Enfado
agilizarla|Molesto|Enfado
ágilmente|Molesto|Enfado
agotado|Desafortunado|Enfado
agotamiento|Desfavorable|Enfado
agradeceré|Confiado|Alegría
agradeceriamos|Confiado|Alegría
agradeceríamos|Confiado|Alegría
agradecerle|Confiado|Alegría
agradecido|Complacido|Alegría
agradeciendo|Confiado|Alegría
agradecimiento|Confiado|Alegría
agraecemos|Confiado|Alegría
agresivo|Furioso|Enfado
agrietado|Perjudicial|Enfado
agrietamiento|Perjudicial|Enfado
ahorra|Seguridad|Confianza
ahorraba|Seguridad|Confianza
ahorradora|Seguridad|Confianza
ahorradores|Seguridad|Confianza
ahorramos|Seguridad|Confianza
ahorrando|Seguridad|Confianza
ahorraran|Seguridad|Confianza
ahorro|Determinación|Confianza
ahorró|Seguridad|Confianza
ahorros|Tranquilo|Alegría
ahorrro|Seguridad|Confianza
aislar|Apenado|Tristeza
ajusta|Molesto|Enfado
ajustan|Molesto|Enfado
ajustándolo|Molesto|Enfado
ajustándolos|Molesto|Enfado
ajustándose|Molesto|Enfado
ajustara|Molesto|Enfado
ajustará|Molesto|Enfado
ajustarán|Molesto|Enfado
ajustarla|Molesto|Enfado
ajustarlas|Molesto|Enfado
ajustarlo|Molesto|Enfado
ajustarse|Molesto|Enfado
alegre|Contento|Alegría
alegría|Animado|Alegría
alejado|Perjudicial|Enfado
alertas|Impresión|Sorpresa
aliviar|Complacido|Alegría
altercado|Perjudicial|Enfado
amabilidad|Fe|Confianza
amable|Confiado|Alegría
amenaza|Aterrado|Miedo
amenazante|Agresivo|Enfado
amenazar|Inseguro|Miedo
angustia|Impotente|Tristeza
ánimo|Entusiasmado|Alegría
anomalía|Confusión|Sorpresa
anónimo|Perjudicial|Enfado
anormal|Molestia|Enfado
anticipación|Asombro|Sorpresa
anulación|Desafortunado|Enfado
anular|Desfavorable|Enfado
apelación|Admiración|Sorpresa
aplazamiento|Adverso|Enfado
aplazar|Desafortunado|Enfado
apoyo|Esperanza|Confianza
aprobación|Franqueza|Confianza
aprobar|Seguridad|Confianza
apropiado|Fascinado|Alegría
argumentos|irritado|Enfado
arregla|Molestia|Enfado
arreglaán|Molestia|Enfado
arreglada|Molestia|Enfado
arreglado|Molestia|Enfado
arreglan|Molestia|Enfado
arreglando|Molestia|Enfado
arreglar|Molestia|Enfado
arreglara|Molestia|Enfado
arreglaran|Molestia|Enfado
arreglarán|Molestia|Enfado
arreglarla|Molestia|Enfado
arreglarlas|Molestia|Enfado
arreglaron|Molestia|Enfado
arregle|Molestia|Enfado
arreglen|Molestia|Enfado
arreglo|Molestia|Enfado
arreglos|Molestia|Enfado
asegura|Impotente|Tristeza
asegurada|Impotente|Tristeza
aseguradas|Impotente|Tristeza
asegurado|Impotente|Tristeza
aseguradora|Impotente|Tristeza
asegurados|Impotente|Tristeza
aseguramiento|Impotente|Tristeza
aseguran|Impotente|Tristeza
asegurando|Impotente|Tristeza
asegurándola|Impotente|Tristeza
asegurándole|Impotente|Tristeza
asegurándolo|Impotente|Tristeza
asegurar|Impotente|Tristeza
asegurara|Impotente|Tristeza
asegurará|Impotente|Tristeza
aseguraremos|Impotente|Tristeza
asegurarla|Impotente|Tristeza
asegurarlas|Impotente|Tristeza
asegurarlo|Impotente|Tristeza
asegurarme|Impotente|Tristeza
asegurarnos|Impotente|Tristeza
aseguras|Impotente|Tristeza
asegure|Impotente|Tristeza
aseguré|Impotente|Tristeza
aseguren|Impotente|Tristeza
aseguro|Impotente|Tristeza
asesoramiento|Decepcionado|Tristeza
asesorar|Decepcionado|Tristeza
asesorara|Decepcionado|Tristeza
asesorarla|Decepcionado|Tristeza
asesorarle|Decepcionado|Tristeza
asesorarlo|Decepcionado|Tristeza
asesorarlos|Decepcionado|Tristeza
asesoraron|Decepcionado|Tristeza
asesorarse|Decepcionado|Tristeza
asesoras|Decepcionado|Tristeza
asesore|Decepcionado|Tristeza
asesoré|Decepcionado|Tristeza
asesoren|Decepcionado|Tristeza
asistencia|Entusiasmado|Alegría
asistente|Esperanza|Confianza
asociación|Franqueza|Confianza
asociar|Seguridad|Confianza
asombro|Impresión|Sorpresa
asustado|Angustiado|Miedo
atención|Tranquilo|Alegría
atender|Esperanza|Confianza
atendido|Seguridad|Confianza
atento|Fe|Confianza
atrasado|Desafortunado|Enfado
atrasos|Desfavorable|Enfado
atrevimiento|Impresión|Sorpresa
ausencia|Desfavorable|Enfado
autenticación|Esperanza|Confianza
autenticidad|Fascinado|Alegría
autorizado|Esperanza|Confianza
autorizar|Determinación|Confianza
avance|Insatisfecho|Enfado
avancemos|Insatisfecho|Enfado
avances|Insatisfecho|Enfado
avanza|Insatisfecho|Enfado
avanzada|Insatisfecho|Enfado
avanzado|Entusiasmado|Alegría
avanzamos|Insatisfecho|Enfado
avanzando|Insatisfecho|Enfado
avanzar|Confusión|Sorpresa
avanzará|Insatisfecho|Enfado
avanzó|Insatisfecho|Enfado
averigua|Confuso|Miedo
averiguación|Confuso|Miedo
averiguamos|Confuso|Miedo
averiguando|Confuso|Miedo
averiguar|Extrañeza|Sorpresa
averiguarle|Confuso|Miedo
averiguarlo|Confuso|Miedo
averigüe|Confuso|Miedo
averiguo|Confuso|Miedo
averiguó|Confuso|Miedo
ayuda|Complacido|Alegría
ayudando|Fascinado|Alegría
ayudó|Fascinado|Alegría
ayudar|Fe|Confianza
banco|Seguridad|Confianza
barato|Fascinado|Alegría
beneficio|Encantado|Alegría
bienvenida|Satisfecho|Alegría
bloqueo|Decepcionado|Tristeza
bruto|Descontento|Enfado
bueno|Contento|Alegría
buscar|Admiración|Sorpresa
búsqueda|Extrañeza|Sorpresa
cable|Confusión|Sorpresa
caída|Desafortunado|Enfado
caído|Perjudicial|Enfado
calamidad|Frustrado|Tristeza
calamidades|Frustrado|Tristeza
cancelado|Desfavorable|Enfado
cancelando|Molestia|Enfado
cancelar|Desfavorable|Enfado
cancele|Desfavorable|Enfado
cancerlar|Molesto|Enfado
caos|molesto|Enfado
capacidad|Complacido|Alegría
capacidades|Descontento|Enfado
capacitada|Descontento|Enfado
capacitado|Descontento|Enfado
capacitando|Descontento|Enfado
capricho|Adverso|Enfado
castigar|Angustiado|Miedo
castigo|Adverso|Enfado
catástrofe|Pánico|Miedo
cayó|Adverso|Enfado
ceder|Hostil|Enfado
certeza|Fascinado|Alegría
certificar|Fe|Confianza
citación|Hostil|Enfado
cliente|Tranquilo|Alegría
cobra|Desesperado|Miedo
cobrándole|Insatisfecho|Enfado
cobrándolo|Insatisfecho|Enfado
cobrándose|Insatisfecho|Enfado
cobranza|Insatisfecho|Enfado
cobranzas|Insatisfecho|Enfado
cobrar|Insatisfecho|Enfado
cobrara|Insatisfecho|Enfado
cobrará|Insatisfecho|Enfado
cobrarán|Pánico|Miedo
cobraría|Insatisfecho|Enfado
cobrarían|Insatisfecho|Enfado
cobrarla|Insatisfecho|Enfado
cobrarle|Insatisfecho|Enfado
cobrarme|Insatisfecho|Enfado
cobrarnos|Insatisfecho|Enfado
cobraron|Insatisfecho|Enfado
cobre|Insatisfecho|Enfado
cobren|Insatisfecho|Enfado
cobro|Pánico|Miedo
cobró|Insatisfecho|Enfado
cobros|molesto|Enfado
coherencia|Entusiasmado|Alegría
coherente|Fascinado|Alegría
colaboraban|Confuso|Miedo
colaboralre|Confuso|Miedo
colaboran|Confuso|Miedo
colaborando|Confuso|Miedo
colaborara|Confuso|Miedo
colaboraran|Confuso|Miedo
colaboraras|Confuso|Miedo
colabores|Confuso|Miedo
colapso|Descontento|Enfado
comodidad|Complacido|Alegría
compacto|Fe|Confianza
compañero|Confiado|Alegría
compatible|Encantado|Alegría
compensación|Entusiasmado|Alegría
compensar|Agradecido|Alegría
completamente|Esperanza|Confianza
comprendiendo|insatisfecho|Enfado
comprendió|insatisfecho|Enfado
comprensible|insatisfecho|Enfado
comprensión|Esperanza|Confianza
comprometan|Frustrado|Tristeza
compromete|Agobiado|Tristeza
comprometemos|Frustrado|Tristeza
comprometen|Frustrado|Tristeza
comprometerme|Frustrado|Tristeza
comprometernos|Frustrado|Tristeza
comprometía|Frustrado|Tristeza
comprometida|Frustrado|Tristeza
comprometido|Feliz|Alegría
comprometidos|Frustrado|Tristeza
comprometiendo|Frustrado|Tristeza
comprometiera|Frustrado|Tristeza
comprometieron|Frustrado|Tristeza
comprometimos|Frustrado|Tristeza
comprometio|Frustrado|Tristeza
comprometió|Frustrado|Tristeza
comprometo|Frustrado|Tristeza
compromiso|Desfavorable|Enfado
comunicación|Seguridad|Confianza
comunicar|Franqueza|Confianza
comunidad|Fascinado|Alegría
conceder|Tranquilo|Alegría
concedido|Entusiasmado|Alegría
condición|Determinación|Confianza
confiabilidad|Franqueza|Confianza
confianza|Fe|Confianza
confiar|Fe|Confianza
conflicto|Alarmado|Miedo
conformidad|Esperanza|Confianza
confrontando|Enojado|Enfado
confrontar|Enojado|Enfado
confrontaron|Enojado|Enfado
confronto|Enojado|Enfado
confrontó|Enojado|Enfado
confunda|Confuso|Miedo
confunden|Confuso|Miedo
confundí|Confuso|Miedo
confundidas|Confuso|Miedo
confundido|Confuso|Miedo
confundidos|Confuso|Miedo
confundiendo|Confuso|Miedo
confundieron|Confuso|Miedo
confundió|Confuso|Miedo
confundir|Adverso|Enfado
confundisrse|Confuso|Miedo
confusa|Confuso|Miedo
confusas|Confuso|Miedo
confusión|Angustiado|Miedo
confusiones|Confuso|Miedo
congestión|Perjudicial|Enfado
consecuencia|Enojado|Enfado
consecuencias|Enojado|Enfado
consecuendia|Enojado|Enfado
consecuenia|Enojado|Enfado
consejo|Franqueza|Confianza
considerable|Tranquilo|Alegría
consideración|Fascinado|Alegría
considerado|Seguridad|Confianza
consistencia|Complacido|Alegría
constancia|Seguridad|Confianza
constantemente|Franqueza|Confianza
consultar|Fe|Confianza
consuma|Confuso|Miedo
consuman|Confuso|Miedo
consume|Confuso|Miedo
consumen|Confuso|Miedo
consumepara|Confuso|Miedo
consumes|Confuso|Miedo
consumía|Confuso|Miedo
consumida|Confuso|Miedo
consumidas|Confuso|Miedo
consumido|Confuso|Miedo
consumidor|Confuso|Miedo
consumidores|Confuso|Miedo
consumidos|Confuso|Miedo
consumiendo|Confuso|Miedo
consumieran|Confuso|Miedo
consumieron|Confuso|Miedo
consumimos|Confuso|Miedo
consumio|Confuso|Miedo
consumió|Confuso|Miedo
consumir|Confuso|Miedo
consumiría|Confuso|Miedo
consumnos|Confuso|Miedo
consumó|Confuso|Miedo
contadores|Pánico|Miedo
contaminación|Desagrado|Enfado
contar|Esperanza|Confianza
contener|Descontento|Enfado
contenido|Esperanza|Confianza
contento|Agradecido|Alegría
contrabando|Hostil|Enfado
convenido|Determinación|Confianza
conveniente|Confiado|Alegría
convertir|Tranquilo|Alegría
correctamente|Entusiasmado|Alegría
cortar|Adverso|Enfado
crediticia|Pánico|Miedo
crédito|Pánico|Miedo
créditos|Pánico|Miedo
cree|fe|Confianza
creemos|fe|Confianza
creen|fe|Confianza
creeo|fe|Confianza
creer|fe|Confianza
creería|fe|Confianza
creerías|fe|Confianza
crees|fe|Confianza
creí|fe|Confianza
creyendo|Determinación|Confianza
crisis|Desafortunado|Enfado
crítica|Perjudicial|Enfado
críticas|Pánico|Miedo
criticidad|Pánico|Miedo
crítico|Pánico|Miedo
criticos|Pánico|Miedo
críticos|Pánico|Miedo
crónica|Tranquilo|Alegría
cubrir|Seguridad|Confianza
culminación|Entusiasmado|Alegría
culpa|Desfavorable|Enfado
culpabilidad|Hostil|Enfado
cumplimiento|Franqueza|Confianza
cumplir|Alegre|Alegría
cuota|Adverso|Enfado
daña|Molestia|Enfado
dañada|Molestia|Enfado
dañadas|Molestia|Enfado
dañado|Molestia|Enfado
dañados|Molestia|Enfado
dañan|Molestia|Enfado
dañando|Molestia|Enfado
dañar|molesto|Enfado
dañara|Molestia|Enfado
dañaran|Molestia|Enfado
dañaría|Molestia|Enfado
dañarlas|Molestia|Enfado
dañarlo|Molestia|Enfado
dañaron|Molestia|Enfado
dañe|Molestia|Enfado
dañen|Molestia|Enfado
daño|Perjudicial|Enfado
dañó|Molestia|Enfado
daños|Molestia|Enfado
deberes|Desesperado|Miedo
débil|Enfado|Enfado
debilitado|Hostil|Enfado
declaración|Determinación|Confianza
deducir|Hostil|Enfado
defecto|Perjudicial|Enfado
defectuoso|Perjudicial|Enfado
defender|Encantado|Alegría
defensa|Franqueza|Confianza
deficiencia|Desafortunado|Enfado
definitivo|Fe|Confianza
dejar|Adverso|Enfado
delegar|Fe|Confianza
delito|Adverso|Enfado
demanda|Perjudicial|Enfado
demandable|Furioso|Enfado
demandada|Furioso|Enfado
demandado|Furioso|Enfado
demandan|Furioso|Enfado
demandar|Desfavorable|Enfado
demandarlos|Furioso|Enfado
demandarme|Furioso|Enfado
demandas|Furioso|Enfado
demanden|Enojado|Enfado
demando|Enojado|Enfado
demolición|Desfavorable|Enfado
demora|Molestia|Enfado
demoraba|Molestia|Enfado
demorada|Molestia|Enfado
demorado|Molestia|Enfado
demorados|Molestia|Enfado
demoramos|Molestia|Enfado
demoran|Molestia|Enfado
demorar|Molestia|Enfado
demorara|Molestia|Enfado
demoraran|Molestia|Enfado
demorarán|Molestia|Enfado
demoraría|Molestia|Enfado
demorarnos|Molestia|Enfado
demoraron|Molestia|Enfado
demorarse|Molestia|Enfado
demoras|Molestia|Enfado
demoraste|Molestia|Enfado
demore|Molestia|Enfado
demoro|Molestia|Enfado
demoró|Molestia|Enfado
denuncia|Desfavorable|Enfado
denunciar|Desfavorable|Enfado
dependiente|Desafortunado|Enfado
desactivar|Desfavorable|Enfado
desacuerdo|Adverso|Enfado
desafortunado|Desfavorable|Enfado
desajuste|Desafortunado|Enfado
desalojo|Alarmado|Miedo
desastre|Pánico|Miedo
descarados|Molestia|Enfado
descarando|Molestia|Enfado
descararon|Molestia|Enfado
descarga|Hostil|Enfado
descenso|Hostil|Enfado
descompuesto|Decepcionado|Tristeza
descompuso|Decepcionado|Tristeza
desconectado|Desafortunado|Enfado
desconectar|Desafortunado|Enfado
desconexión|Adverso|Enfado
desconocido|Confusión|Sorpresa
descontento|Descontento|Enfado
descortés|Molestia|Enfado
descuido|Enfado|Enfado
desecho|Desafortunado|Enfado
desfavorable|Desagrado|Enfado
deshacer|Desfavorable|Enfado
designacion|Determinación|Confianza
desigualdad|Insatisfecho|Enfado
desistir|Desfavorable|Enfado
despeje|Tranquilo|Alegría
despido|Perjudicial|Enfado
desplazado|Aterrado|Miedo
desplegar|Admiración|Sorpresa
desprotegido|Desfavorable|Enfado
destinado|Admiración|Sorpresa
destino|Admiración|Sorpresa
destrozada|Desafortunado|Enfado
destrozado|Hostil|Enfado
destrucción|Desafortunado|Enfado
destruido|Desafortunado|Enfado
detección|Fascinado|Alegría
detectar|Complacido|Alegría
detener|Desfavorable|Enfado
deteriorado|Perjudicial|Enfado
deterioro|Perjudicial|Enfado
determinación|Esperanza|Confianza
determinado|Encantado|Alegría
deuda|Hostil|Enfado
deudor|Desafortunado|Enfado
devolución|Perjudicial|Enfado
diagnóstico|Franqueza|Confianza
diferencial|Esperanza|Confianza
difícil|Molestia|Enfado
dificultad|Desafortunado|Enfado
dificultades|Adverso|Enfado
diligencia|Seguridad|Confianza
dinero|Seguridad|Confianza
dineros|Molesto|Enfado
dirección|Seguridad|Confianza
direcciones|Tranquilo|Alegría
director|Esperanza|Confianza
discapacidad|Perjudicial|Enfado
discordia|Adverso|Enfado
discriminación|Adverso|Enfado
discriminar|Adverso|Enfado
disculpa|Fascinado|Alegría
discutir|Desfavorable|Enfado
disfrutando|Agradecido|Alegría
disfrutar|Satisfecho|Alegría
disminución|Hostil|Enfado
disminuido|Hostil|Enfado
disminuir|Apenado|Tristeza
disparo|Confuso|Miedo
distorsión|Perjudicial|Enfado
disturbios|Alarmado|Miedo
división|Desafortunado|Enfado
dolor|Perjudicial|Enfado
dominante|Desfavorable|Enfado
dominio|Determinación|Confianza
donación|Encantado|Alegría
dudar|inseguro|Miedo
dudas|inseguro|Miedo
dudé|inseguro|Miedo
duden|inseguro|Miedo
dudo|inseguro|Miedo
duplicidad|Adverso|Enfado
duro|Hostil|Enfado
economía|Franqueza|Confianza
económica|Entusiasmado|Alegría
económicamente|Entusiasmado|Alegría
económicas|Entusiasmado|Alegría
económico|Entusiasmado|Alegría
económicos|Entusiasmado|Alegría
educado|Complacido|Alegría
efectivo|Franqueza|Confianza
eficacia|Fascinado|Alegría
eficaz|Fe|Confianza
eficiencia|Tranquilo|Alegría
eficiente|Determinación|Confianza
ejecución|Hostil|Enfado
ejecutante|Tranquilo|Alegría
elección|Fascinado|Alegría
electricidad|Fascinado|Alegría
eléctrico|Extrañeza|Sorpresa
elevado|Adverso|Enfado
eliminación|Frustrado|Tristeza
emergencia|Pánico|Miedo
eminente|Tranquilo|Alegría
encontró|Satisfecho|Alegría
enemistad|Perjudicial|Enfado
Enfado|Enfado|Enfado
enfermo|Molestia|Enfado
enfermos|Perjudicial|Enfado
engañado|irritado|Enfado
enojado|Furioso|Enfado
enseñar|Seguridad|Confianza
enseñó|Esperanza|Confianza
enterrado|Confuso|Tristeza
enterrar|Desafortunado|Enfado
equidad|Encantado|Alegría
equilibrado|Complacido|Alegría
equilibrar|Encantado|Alegría
equilibrio|Fascinado|Alegría
equipo|Fe|Confianza
equivalente|Determinación|Confianza
equivocado|Confuso|Miedo
errónea|confuso|Miedo
erroneamente|confuso|Miedo
erróneamente|Perjudicial|Enfado
erróneas|confuso|Miedo
erróneo|Adverso|Enfado
error|Confuso|Tristeza
errores|confuso|Miedo
escombros|Molestia|Enfado
esencial|Fascinado|Alegría
esfuerzo|Fascinado|Alegría
esfuerzos|Hostil|Enfado
especial|Fascinado|Alegría
especialista|Determinación|Confianza
espectáculo|Entusiasmado|Alegría
esperanza|Esperanza|Confianza
esperar|Esperanza|Confianza
esquema|Desafortunado|Enfado
estable|Seguridad|Confianza
establecer|Determinación|Confianza
establecido|Animado|Alegría
estado|Complacido|Alegría
estética|Entusiasmado|Alegría
estético|Entusiasmado|Alegría
estragos|Hostil|Enfado
estrés|Adverso|Enfado
estudiar|Entusiasmado|Alegría
evadir|Perjudicial|Enfado
evaluación|Impresión|Sorpresa
eventual|Admiración|Sorpresa
eventualidad|Confuso|Miedo
evidente|Franqueza|Confianza
evitar|Confuso|Miedo
evolución|Entusiasmado|Alegría
exactitud|Franqueza|Confianza
exagerado|Perjudicial|Enfado
exceder|Impresión|Sorpresa
excelencia|Seguridad|Confianza
excelente|Franqueza|Confianza
excepcional|Encantado|Alegría
excesivo|Molestia|Enfado
exceso|Desafortunado|Enfado
excusa|Desafortunado|Enfado
exención|Encantado|Alegría
existencia|Tranquilo|Alegría
éxito|Encantado|Alegría
exitoso|Satisfecho|Alegría
expectativa|Admiración|Sorpresa
experto|Fe|Confianza
explicaciones|Enojado|Enfado
explique|Esperanza|Confianza
explosión|Pánico|Miedo
exponer|Asombro|Sorpresa
extendido|Encantado|Alegría
extenso|Encantado|Alegría
exterior|Entusiasmado|Alegría
extra|Fascinado|Alegría
extraño|Molestia|Enfado
extraordinario|Encantado|Alegría
extraviado|Perjudicial|Enfado
extremo|Desafortunado|Enfado
fácil|Desfavorable|Enfado
facilitar|Entusiasmado|Alegría
fácilmente|Fascinado|Alegría
facturaba|Confusión|Sorpresa
facturacíon|Confusión|Sorpresa
facturada|Confusión|Sorpresa
fácturado|Confusión|Sorpresa
facturándole|Confusión|Sorpresa
facturándolo|Confusión|Sorpresa
facturarán|Confusión|Sorpresa
facturas|Confusión|Sorpresa
falla|Adverso|Enfado
falsedad|Hostil|Enfado
falsificación|Adverso|Enfado
falta|Perjudicial|Enfado
falto|Desafortunado|Enfado
fatal|Desafortunado|Enfado
fatiga|Hostil|Enfado
favorable|Complacido|Alegría
felicidad|Feliz|Alegría
feliz|Complacido|Alegría
feo|Desagrado|Enfado
fila|Insatisfecho|Enfado
financiacion|Agobiado|Tristeza
financiación|Pánico|Miedo
financiar|Desafortunado|Enfado
financiera|Agobiado|Tristeza
flexible|Desafortunado|Enfado
flojo|Perjudicial|Enfado
fluctuación|Confuso|Miedo
fondo|Agobiado|Tristeza
forma|Entusiasmado|Alegría
formación|Complacido|Alegría
formalmente|Entusiasmado|Alegría
formativo|Determinación|Confianza
fórmula|Franqueza|Confianza
fortuna|Feliz|Alegría
forzado|Inseguro|Miedo
franco|Franqueza|Confianza
fundamental|Franqueza|Confianza
funeral|Decepcionado|Tristeza
furioso|Insatisfecho|Enfado
fusible|Tranquilo|Alegría
fusión|Encantado|Alegría
ganar|Fascinado|Alegría
garantía|Franqueza|Confianza
gastado|Adverso|Enfado
gastos|Adverso|Enfado
generadas|Insatisfecho|Enfado
generador|Alarmado|Miedo
generadores|Insatisfecho|Enfado
generados|Insatisfecho|Enfado
genial|Contento|Alegría
gestionar|Determinación|Confianza
gratuito|Molestia|Enfado
grave|irritado|Enfado
gravedad|Triste|Tristeza
graves|Enfado|Enfado
guía|Esperanza|Confianza
gusto|Animado|Alegría
hábil|Entusiasmado|Alegría
habilitación|Fe|Confianza
habla|Complacido|Alegría
hablar|Entusiasmado|Alegría
habló|Desfavorable|Enfado
hacer|Fascinado|Alegría
hecho|Esperanza|Confianza
hechos|Determinación|Confianza
honorable|Franqueza|Confianza
horrible|Furioso|Enfado
horror|Agresivo|Enfado
hurto|Enojado|Enfado
igualdad|Seguridad|Confianza
ilegal|Desagrado|Enfado
ilegalidad|Furioso|Enfado
iluminación|Esperanza|Confianza
iluminar|Complacido|Alegría
impaciente|Desconcierto|Sorpresa
implicar|Desfavorable|Enfado
importancia|Entusiasmado|Alegría
importante|Fe|Confianza
imposible|Hostil|Enfado
impresión|Encantado|Alegría
imprevisto|Asombro|Sorpresa
imprudente|Desafortunado|Enfado
impuesto|Desagrado|Enfado
impulso|Asombro|Sorpresa
inadecuada|Frustrado|Tristeza
inadecuadamente|Frustrado|Tristeza
inadecuadas|Frustrado|Tristeza
inadecuado|Frustrado|Tristeza
inauguración|Entusiasmado|Alegría
incapacidad|Desafortunado|Enfado
incesante|Desfavorable|Enfado
incidente|Confusión|Sorpresa
incluido|Complacido|Alegría
incluir|Complacido|Alegría
inclusión|Fe|Confianza
incluso|Complacido|Alegría
incómoda|Decepcionado|Tristeza
incómodas|Decepcionado|Tristeza
incomodidad|Frustrado|Tristeza
incómodo|Amargado|Tristeza
incompleto|Perjudicial|Enfado
inconcluso|Desfavorable|Enfado
inconforme|Descontento|Enfado
inconformes|Descontento|Enfado
inconformidades|Descontento|Enfado
inconformismo|Descontento|Enfado
incongruentes|Descontento|Enfado
inconsistencia|Descontento|Enfado
inconsistencias|Descontento|Enfado
inconsistente|Descontento|Enfado
inconsistentes|Descontento|Enfado
inconveniente|Descontento|Enfado
inconvenientes|Hostil|Enfado
incorrecto|Adverso|Enfado
increíble|Desafortunado|Enfado
incumpla|Decepcionado|Tristeza
incumple|Decepcionado|Tristeza
incumplen|Decepcionado|Tristeza
incumplida|Decepcionado|Tristeza
incumplidas|Decepcionado|Tristeza
incumplido|Decepcionado|Tristeza
incumpliendo|Molestia|Enfado
incumpliéndose|Decepcionado|Tristeza
incumpliera|Decepcionado|Tristeza
incumplieron|Decepcionado|Tristeza
incumplimento|Decepcionado|Tristeza
incumplimiento|Desafortunado|Enfado
incumplimientos|Decepcionado|Tristeza
incumplió|Decepcionado|Tristeza
incumplir|Decepcionado|Tristeza
incumpliría|Decepcionado|Tristeza
incursionando|Descontento|Enfado
indemnizar|Hostil|Enfado
independencia|Animado|Alegría
indeterminado|Desafortunado|Enfado
indignado|molesto|Enfado
indisponibilidad|Molestia|Enfado
indisponibilidaddes|Molestia|Enfado
inesperadamente|Admiración|Sorpresa
inesperado|Extrañeza|Sorpresa
inestabilidad|Angustiado|Miedo
inestable|Inseguro|Miedo
infantil|Enfado|Enfado
inferior|Decepcionado|Tristeza
inferiores|Decepcionado|Tristeza
infierno|Furioso|Enfado
inflación|Desafortunado|Enfado
influencia|Complacido|Alegría
influyente|Determinación|Confianza
información|Complacido|Alegría
informar|Seguridad|Confianza
infracción|Desfavorable|Enfado
infructuosa|Enfado|Enfado
infructuosamente|Enfado|Enfado
infructuoso|Triste|Tristeza
infructuosos|Enfado|Enfado
ingenio|Complacido|Alegría
ingresos|Contento|Alegría
inhabilitar|Desfavorable|Enfado
injusto|molesto|Enfado
inmediatamente|Adverso|Enfado
inminente|Asombro|Sorpresa
inquietud|Confusión|Sorpresa
insatisfacción|Perjudicial|Enfado
insatisfecho|Descontento|Enfado
inseguridad|Desesperado|Miedo
instrucción|Franqueza|Confianza
instrucciones|Fe|Confianza
insuficiente|Hostil|Enfado
insulto|Enfado|Enfado
integridad|Esperanza|Confianza
inteligente|Determinación|Confianza
intenso|Animado|Alegría
intentar|Franqueza|Confianza
interesado|Fascinado|Alegría
interesante|Tranquilo|Alegría
interferencia|Desfavorable|Enfado
interior|Seguridad|Confianza
interpretación|Hostil|Enfado
interrumpe|Confuso|Miedo
interrumpen|Confuso|Miedo
interrumpido|Confuso|Tristeza
interrumpidos|Confuso|Miedo
interrumpiendo|Confuso|Miedo
interrumpieron|Confuso|Miedo
interrumpió|Confuso|Miedo
interrumpir|Agresivo|Enfado
interrupción|Confuso|Miedo
interrupciones|Confuso|Miedo
interrupieron|Confuso|Miedo
intervención|Perjudicial|Enfado
invadir|Furioso|Enfado
invalida|Impotente|Tristeza
invalidada|Impotente|Tristeza
invalidez|Desfavorable|Enfado
invalido|Impotente|Tristeza
inválido|Impotente|Tristeza
invalidos|Impotente|Tristeza
invasión|Confuso|Miedo
investigar|Fascinado|Alegría
invitación|Alegre|Alegría
involuntariamente|Perjudicial|Enfado
involuntario|Desafortunado|Enfado
ira|irritado|Enfado
irrefutable|Determinación|Confianza
irregular|Desfavorable|Enfado
irreparable|Apenado|Tristeza
irrevocable|Hostil|Enfado
judicial|Admiración|Sorpresa
juego|Desconcierto|Sorpresa
juicio|Susto|Sorpresa
jurado|Seguridad|Confianza
jurídica|Confusión|Sorpresa
justa|Entusiasmado|Alegría
justicia|Fe|Confianza
justificación|Encantado|Alegría
justificar|Fe|Confianza
justo|Seguridad|Confianza
lamentablemente|Decepcionado|Tristeza
lanzamiento|Impresión|Sorpresa
lapso|Adverso|Enfado
láser|Seguridad|Confianza
lástima|Amargado|Tristeza
latente|Confusión|Sorpresa
lector|Complacido|Alegría
legado|Fe|Confianza
legal|Esperanza|Confianza
legalizado|Satisfecho|Alegría
legible|Complacido|Alegría
legitimidad|Determinación|Confianza
lentitud|Adverso|Enfado
lento|Perjudicial|Enfado
lesión|molesto|Enfado
lesionado|Perjudicial|Enfado
levantamiento|Confusión|Sorpresa
ley|Determinación|Confianza
líder|Determinación|Confianza
ligado|Adverso|Enfado
limitado|Decepcionado|Tristeza
llamaban|Insatisfecho|Enfado
llamadas|Desconcierto|Sorpresa
llamados|Insatisfecho|Enfado
llamamos|Insatisfecho|Enfado
llaman|Insatisfecho|Enfado
llamando|Insatisfecho|Enfado
llamara|Insatisfecho|Enfado
llamará|Insatisfecho|Enfado
llamaran|Insatisfecho|Enfado
llamaré|Insatisfecho|Enfado
llamaremos|Insatisfecho|Enfado
llamaria|Insatisfecho|Enfado
llamarían|Insatisfecho|Enfado
llamarla|Insatisfecho|Enfado
llamarlo|Insatisfecho|Enfado
llamarlos|Insatisfecho|Enfado
llamarnos|Insatisfecho|Enfado
llamaron|Insatisfecho|Enfado
llamé|Insatisfecho|Enfado
llamó|Insatisfecho|Enfado
llegada|Extrañeza|Sorpresa
llegar|Susto|Sorpresa
llenar|Franqueza|Confianza
llorar|Triste|Tristeza
lluvioso|Decepcionado|Tristeza
localizar|Desconcierto|Sorpresa
locura|Molestia|Enfado
lógico|Entusiasmado|Alegría
lograr|Franqueza|Confianza
logro|Satisfecho|Alegría
longevidad|Fascinado|Alegría
lotería|Extrañeza|Sorpresa
mal|Enojado|Enfado
malentendido|Desafortunado|Enfado
malestar|Frustrado|Tristeza
malo|molesto|Enfado
mañana|Confusión|Sorpresa
manipulación|Enojado|Enfado
manipular|Adverso|Enfado
mantenimiento|Fe|Confianza
matar|Desesperado|Miedo
matriz|Complacido|Alegría
máxima|Franqueza|Confianza
máximo|Complacido|Alegría
mayor|Seguridad|Confianza
mayoria|Animado|Alegría
mediación|Complacido|Alegría
mediar|Encantado|Alegría
medida|Esperanza|Confianza
medir|Fe|Confianza
mejora|Tranquilo|Alegría
mejorado|Encantado|Alegría
mejoramiento|Fascinado|Alegría
mejorando|Entusiasmado|Alegría
mejorar|Satisfecho|Alegría
menor|Enfado|Enfado
mensajero|Fe|Confianza
mentira|Insatisfecho|Enfado
mentiras|Fastidio|Enfado
mentor|Franqueza|Confianza
mérito|Entusiasmado|Alegría
meritorio|Agradecido|Alegría
mesurado|Seguridad|Confianza
meter|Confusión|Sorpresa
miedo|Aterrado|Miedo
milagro|Admiración|Sorpresa
ministerio|Esperanza|Confianza
misterio|Extrañeza|Sorpresa
modelo|Complacido|Alegría
moderar|Fascinado|Alegría
modesto|Fascinado|Alegría
modificar|Desconcierto|Sorpresa
molesta|Molesto|Enfado
molestando|Molesto|Enfado
molestar|molesto|Enfado
molestia|Descontento|Enfado
molesto|irritado|Enfado
molestos|Molesto|Enfado
montaje|Determinación|Confianza
montaña|Admiración|Sorpresa
moral|Encantado|Alegría
mota|Desafortunado|Enfado
motivo|Encantado|Alegría
móvil|Complacido|Alegría
movimiento|Impresión|Sorpresa
mudar|Desfavorable|Enfado
muerte|Alarmado|Miedo
muerto|Desafortunado|Enfado
mugre|Molestia|Enfado
mutuo|Entusiasmado|Alegría
nacimiento|Contento|Alegría
nación|Franqueza|Confianza
nada|Amargado|Tristeza
navegador|Desconcierto|Sorpresa
necesidaad|Frustrado|Tristeza
necesidad|Frustrado|Tristeza
necesidades|Frustrado|Tristeza
necesitado|Frustrado|Tristeza
necesitan|Frustrado|Tristeza
necesitando|Frustrado|Tristeza
necesitar|Frustrado|Tristeza
necesitara|Frustrado|Tristeza
necesitará|Frustrado|Tristeza
necesitaré|Frustrado|Tristeza
necesitaría|Frustrado|Tristeza
necesitaríamos|Frustrado|Tristeza
negación|Adverso|Enfado
negado|Agobiado|Tristeza
negando|Adverso|Enfado
negar|irritado|Enfado
negativa|Desfavorable|Enfado
negativo|Perjudicial|Enfado
negligencia|Desfavorable|Enfado
negligente|Adverso|Enfado
negociar|Tranquilo|Alegría
nivel|Encantado|Alegría
normalidad|Tranquilo|Alegría
notable|Impresión|Sorpresa
notificación|Admiración|Sorpresa
núcleo|Fascinado|Alegría
números|Tranquilo|Alegría
nutrir|Complacido|Alegría
obedecer|Franqueza|Confianza
objeción|Desfavorable|Enfado
objetivo|Esperanza|Confianza
obligación|Confusión|Sorpresa
obligar|Descontento|Enfado
obligatorio|Hostil|Enfado
obstáculo|Desfavorable|Enfado
obtener|Tranquilo|Alegría
obvio|Tranquilo|Alegría
ocasional|Extrañeza|Sorpresa
ocupación|Complacido|Alegría
ocupar|Complacido|Alegría
ocurrir|Impresión|Sorpresa
ofender|Enojado|Enfado
oficial|Seguridad|Confianza
ofrecimiento|Esperanza|Confianza
olvidado|Desesperado|Miedo
olvido|Pánico|Miedo
opción|Fascinado|Alegría
oportunidad|Tranquilo|Alegría
oportuno|Satisfecho|Alegría
oposición|irritado|Enfado
oprimir|Furioso|Enfado
opuesto|Perjudicial|Enfado
ordenado|Tranquilo|Alegría
organiza|Complacido|Alegría
organizacen|Complacido|Alegría
organizacion|Complacido|Alegría
organización|Confiado|Alegría
organizada|Complacido|Alegría
organizadas|Complacido|Alegría
organizado|Complacido|Alegría
organizan|Complacido|Alegría
organizando|Complacido|Alegría
organizar|Complacido|Alegría
organizara|Complacido|Alegría
organizará|Complacido|Alegría
organizarla|Complacido|Alegría
organizarlo|Complacido|Alegría
organizaron|Complacido|Alegría
oscura|Agobiado|Tristeza
oscuras|Agobiado|Tristeza
oscuridad|Aterrado|Miedo
oscuro|Agobiado|Tristeza
oxigenodependiente|Angustiado|Miedo
oxigenodependientes|Angustiado|Miedo
paciencia|Asombro|Sorpresa
paciente|Asombro|Sorpresa
paga|Satisfecho|Alegría
pagaba|Insatisfecho|Enfado
pagaban|Insatisfecho|Enfado
pagada|Insatisfecho|Enfado
pagadas|Insatisfecho|Enfado
pagan|Franqueza|Confianza
pagar|Asombro|Sorpresa
pagara|Insatisfecho|Enfado
pagará|Insatisfecho|Enfado
pagaran|Insatisfecho|Enfado
pagaré|Insatisfecho|Enfado
pagaremos|Insatisfecho|Enfado
pagaría|Insatisfecho|Enfado
pagarían|Insatisfecho|Enfado
pagarlas|Insatisfecho|Enfado
pagarle|Insatisfecho|Enfado
pagarles|Insatisfecho|Enfado
pagarlo|molesto|Enfado
pagarlos|Insatisfecho|Enfado
pagas|Insatisfecho|Enfado
pagó|Franqueza|Confianza
pague|molesto|Enfado
palabra|Determinación|Confianza
pánico|Alarmado|Miedo
parcial|Alarmado|Miedo
parcialidad|Furioso|Enfado
particularmente|Asombro|Sorpresa
pasado|Triste|Tristeza
pasajero|Extrañeza|Sorpresa
peligro|Angustiado|Miedo
peligroso|Inseguro|Miedo
pena|Confuso|Tristeza
peor|Decepcionado|Tristeza
percance|Molestia|Enfado
perceptible|Encantado|Alegría
perder|Frustrado|Tristeza
perderá|Frustrado|Tristeza
perderán|Frustrado|Tristeza
perderse|Frustrado|Tristeza
pérdida|Furioso|Enfado
perdiendo|Decepcionado|Tristeza
perdió|Triste|Tristeza
perdón|Entusiasmado|Alegría
perdonar|Complacido|Alegría
perjudicar|Furioso|Enfado
perjudicial|irritado|Enfado
permanece|Perjudicial|Enfado
permiso|Tranquilo|Alegría
permitirse|Tranquilo|Alegría
persistente|Encantado|Alegría
perturbación|Desfavorable|Enfado
pesado|Hostil|Enfado
pésimo|Desfavorable|Enfado
petición|Extrañeza|Sorpresa
piedad|Confusión|Sorpresa
plan|Tranquilo|Alegría
planificación|Impresión|Sorpresa
pobre|Seguridad|Confianza
pobreza|Apenado|Tristeza
popular|Desesperado|Miedo
posesión|Extrañeza|Sorpresa
posterior|Desesperado|Miedo
potencia|Adverso|Enfado
pqr|Complacido|Alegría
precario|Confusión|Sorpresa
precaución|Apenado|Tristeza
precedente|Angustiado|Miedo
preceder|Entusiasmado|Alegría
precio|Tranquilo|Alegría
precisión|Agobiado|Tristeza
preciso|Encantado|Alegría
premio|Fascinado|Alegría
preocupación|Agradecido|Alegría
preocupado|Pánico|Miedo
preocupante|Confuso|Miedo
presentación|Angustiado|Miedo
prestador|Complacido|Alegría
prever|Esperanza|Confianza
principal|Esperanza|Confianza
probabilidad|Entusiasmado|Alegría
probado|Desconcierto|Sorpresa
probar|Fe|Confianza
problema|Fascinado|Alegría
problemas|Desesperado|Miedo
proceder|Molestia|Enfado
procedimiento|Susto|Sorpresa
procesar|Complacido|Alegría
producción|Confuso|Miedo
productividad|Complacido|Alegría
productivo|Tranquilo|Alegría
productor|Entusiasmado|Alegría
profesional|Encantado|Alegría
profesor|Franqueza|Confianza
profundidad|Entusiasmado|Alegría
programado|Fe|Confianza
progreso|Agobiado|Tristeza
prohibición|Complacido|Alegría
prohibido|Hostil|Enfado
promesa|Perjudicial|Enfado
prometido|Esperanza|Confianza
proporcionar|Franqueza|Confianza
protector|Complacido|Alegría
proteger|Determinación|Confianza
protegido|Entusiasmado|Alegría
provisional|Esperanza|Confianza
próximo|Extrañeza|Sorpresa
prudencia|Tranquilo|Alegría
prudente|Encantado|Alegría
prueba|Determinación|Confianza
puesto|Esperanza|Confianza
puntual|Molestia|Enfado
queja|Complacido|Alegría
quemado|molesto|Enfado
rabia|Perjudicial|Enfado
rapidez|molesto|Enfado
ratificar|Tranquilo|Alegría
razón|Determinación|Confianza
reaccionar|Fascinado|Alegría
real|Confuso|Miedo
reanudación|Determinación|Confianza
recargo|Encantado|Alegría
recepción|Furioso|Enfado
rechaza|Encantado|Alegría
rechazado|irritado|Enfado
rechazar|Frustrado|Tristeza
rechazo|Agresivo|Enfado
recibido|Triste|Tristeza
reclamacion|Fascinado|Alegría
reclamación|molesto|Enfado
reclame|molesto|Enfado
reclamo|molesto|Enfado
reclamó|molesto|Enfado
recoger|molesto|Enfado
recomendable|Fascinado|Alegría
recomendar|Fascinado|Alegría
reconecta|Determinación|Confianza
reconectaban|Decepcionado|Tristeza
reconectada|Decepcionado|Tristeza
reconectadas|Decepcionado|Tristeza
reconectado|Decepcionado|Tristeza
reconectadola|Decepcionado|Tristeza
reconectador|Decepcionado|Tristeza
reconectan|Decepcionado|Tristeza
reconectando|Decepcionado|Tristeza
reconectara|Decepcionado|Tristeza
reconectará|Decepcionado|Tristeza
reconectaría|Decepcionado|Tristeza
reconectarla|Decepcionado|Tristeza
reconectarle|Decepcionado|Tristeza
reconectarlo|Decepcionado|Tristeza
reconectarme|Decepcionado|Tristeza
reconectaron|Decepcionado|Tristeza
reconectarón|Decepcionado|Tristeza
reconecte|Decepcionado|Tristeza
reconecto|Decepcionado|Tristeza
reconectó|Decepcionado|Tristeza
reconexión|Decepcionado|Tristeza
reconexiones|Decepcionado|Tristeza
reconocimiento|Decepcionado|Tristeza
reconstruir|Tranquilo|Alegría
rectificar|Entusiasmado|Alegría
recuperación|Tranquilo|Alegría
recuperar|Tranquilo|Alegría
recurrente|Fascinado|Alegría
recursos|Confusión|Sorpresa
reducción|Esperanza|Confianza
reducir|Desfavorable|Enfado
reembolso|Confusión|Sorpresa
refacturacion|Encantado|Alegría
refacturación|molesto|Enfado
refacturando|Confusión|Sorpresa
reflejo|molesto|Enfado
reforzamiento|Confusión|Sorpresa
reforzar|Seguridad|Confianza
refugio|Complacido|Alegría
registro|Fe|Confianza
regulador|Esperanza|Confianza
regularidad|Perjudicial|Enfado
renovación|Impresión|Sorpresa
repara|Complacido|Alegría
reparación|Molestia|Enfado
reparaciones|Seguridad|Confianza
reparadas|Molestia|Enfado
reparado|Molestia|Enfado
reparados|Molestia|Enfado
reparan|Molestia|Enfado
reparando|Molestia|Enfado
reparara|Molestia|Enfado
reparará|Molestia|Enfado
repararan|Molestia|Enfado
repararía|Molestia|Enfado
repararían|Molestia|Enfado
repararlas|Molestia|Enfado
repararlo|Molestia|Enfado
repararon|Molestia|Enfado
reparas|Molestia|Enfado
repare|Molestia|Enfado
repareción|Molestia|Enfado
reparen|Molestia|Enfado
reparla|Molestia|Enfado
reparo|Molestia|Enfado
reparó|Molestia|Enfado
repentino|Molestia|Enfado
reponer|Admiración|Sorpresa
reportada|Encantado|Alegría
reportado|Molestia|Enfado
reportan|Molestia|Enfado
reportando|Molestia|Enfado
reportándose|Molestia|Enfado
reportaríamos|Molestia|Enfado
reportarla|Molestia|Enfado
reportarlas|Molestia|Enfado
representado|Molestia|Enfado
representando|Fascinado|Alegría
reserva|Confusión|Sorpresa
reservado|Fascinado|Alegría
residente|Desafortunado|Enfado
residuos|Encantado|Alegría
resistencia|Desagrado|Enfado
respetuoso|Desfavorable|Enfado
respnsabilidad|Fascinado|Alegría
respnsable|Frustrado|Tristeza
responda|Frustrado|Tristeza
respondan|Molestia|Enfado
responde|Molestia|Enfado
responden|Molestia|Enfado
responderá|Molestia|Enfado
responsabilidad|Molestia|Enfado
responsable|Fe|Confianza
respuesta|Franqueza|Confianza
restricción|Inseguro|Miedo
restringir|Alarmado|Miedo
resultado|Desfavorable|Enfado
retirada|Admiración|Sorpresa
retirar|Desfavorable|Enfado
retirarse|Inseguro|Miedo
retiro|Perjudicial|Enfado
retrasar|Desafortunado|Enfado
retraso|Descontento|Enfado
retroceder|Desfavorable|Enfado
reunión|Molestia|Enfado
revisar|Extrañeza|Sorpresa
ridículo|Fascinado|Alegría
riesgo|irritado|Enfado
rigor|Pánico|Miedo
robado|Confuso|Miedo
robando|Hostil|Enfado
robar|Desfavorable|Enfado
robo|Furioso|Enfado
ruido|Molestia|Enfado
ruptura|Perjudicial|Enfado
sacrificio|Aterrado|Miedo
salida|Triste|Tristeza
salido|Adverso|Enfado
salir|Desafortunado|Enfado
satisfacción|Frustrado|Tristeza
satisfactoriamente|Satisfecho|Alegría
satisfecho|Entusiasmado|Alegría
seguro|Satisfecho|Alegría
sentido|Seguridad|Confianza
serie|Seguridad|Confianza
serio|Seguridad|Confianza
servidor|Fascinado|Alegría
servir|Seguridad|Confianza
sinceramente|Fe|Confianza
sinceridad|Complacido|Alegría
sincero|Complacido|Alegría
siniestro|Contento|Alegría
sistema|Inseguro|Miedo
situación|Esperanza|Confianza
sometido|Asombro|Sorpresa
sorpresa|Perjudicial|Enfado
sufrir|Impresión|Sorpresa
sugerir|Hostil|Enfado
suscribir|Seguridad|Confianza
suspención|Tranquilo|Alegría
suspenciones|molesto|Enfado
suspende|molesto|Enfado
suspender|molesto|Enfado
suspenderá|molesto|Enfado
suspenderán|molesto|Enfado
suspenderia|Agobiado|Tristeza
suspendería|molesto|Enfado
suspenderían|molesto|Enfado
suspenderla|molesto|Enfado
suspenderle|Agobiado|Tristeza
suspenderlo|Agobiado|Tristeza
suspenderlos|Agobiado|Tristeza
suspenderme|Agobiado|Tristeza
suspendernos|Agobiado|Tristeza
suspenderse|Agobiado|Tristeza
suspendida|Agobiado|Tristeza
suspendidas|molesto|Enfado
suspendido|molesto|Enfado
suspendiendo|molesto|Enfado
suspendiera|molesto|Enfado
suspendieran|Agobiado|Tristeza
suspensión|Agobiado|Tristeza
suspesiones|Desafortunado|Enfado
tardando|molesto|Enfado
tardanza|Irritado|Enfado
tardara|Desafortunado|Enfado
tardará|Irritado|Enfado
tardaran|Irritado|Enfado
tardarán|Irritado|Enfado
tardaron|Irritado|Enfado
tardarse|Irritado|Enfado
tarde|Irritado|Enfado
tardío|Perjudicial|Enfado
tecnología|Perjudicial|Enfado
tedioso|Tranquilo|Alegría
tempestad|Desafortunado|Enfado
tendencia|Impresión|Sorpresa
tensión|Complacido|Alegría
torcido|molesto|Enfado
tormenta|Hostil|Enfado
tragedia|Angustiado|Miedo
tramirtar|Pánico|Miedo
tramita|Molestia|Enfado
tramitada|Molestia|Enfado
tramitadas|Molestia|Enfado
tramitado|Molestia|Enfado
tramitan|Molestia|Enfado
tramitando|Molestia|Enfado
tramitara|Molestia|Enfado
tramitaré|Molestia|Enfado
tramitaría|Molestia|Enfado
tramitarla|Molestia|Enfado
tramitarlo|Molestia|Enfado
tramitarlos|Molestia|Enfado
trámite|Molestia|Enfado
tramiten|Molestia|Enfado
tramitología|Molestia|Enfado
tranquilidad|Molestia|Enfado
tranquilo|Satisfecho|Alegría
tratados|Satisfecho|Alegría
tratamiento|Molestia|Enfado
tratamos|Molestia|Enfado
tratandola|Molestia|Enfado
tratante|Molestia|Enfado
tratara|Molestia|Enfado
tratará|Molestia|Enfado
trataré|Molestia|Enfado
trataría|Molestia|Enfado
trataron|Molestia|Enfado
traté|Molestia|Enfado
traten|Molestia|Enfado
tratrando|Molestia|Enfado
traumáticas|Molestia|Enfado
traumático|Molestia|Enfado
traumatismo|Agobiado|Tristeza
tutela|Molestia|Enfado
tutelantes|Fe|Confianza
tutelar|Molestia|Enfado
último|Molestia|Enfado
urgencia|Confusión|Sorpresa
urgente|Angustiado|Miedo
usual|Alarmado|Miedo
usura|Seguridad|Confianza
utilidad|Desfavorable|Enfado
vale|Complacido|Alegría
valioso|Determinación|Confianza
valor|Fascinado|Alegría
valores|Fascinado|Alegría
variable|Seguridad|Confianza
venciendo|Confusión|Sorpresa
vencieron|Agobiado|Tristeza
vencimientos|Agobiado|Tristeza
veracidad|Agobiado|Tristeza
veraz|Franqueza|Confianza
verdad|Franqueza|Confianza
verificación|Fe|Confianza
verificada|Determinación|Confianza
verificadas|Desesperado|Miedo
verificado|Desesperado|Miedo
verifican|Desesperado|Miedo
verificara|Esperanza|Confianza
verificará|Desesperado|Miedo
verificaran|Desesperado|Miedo
verificarcual|Desesperado|Miedo
verificaré|Desesperado|Miedo
verificaría|Desesperado|Miedo
verificarla|Desesperado|Miedo
verificarle|Desesperado|Miedo
verificarlo|Desesperado|Miedo
verificarlos|Desesperado|Miedo
verificarme|Desesperado|Miedo
verificarse|Desesperado|Miedo
verificas|Desesperado|Miedo
verificcion|Desesperado|Miedo
verificio|Desesperado|Miedo
verifición|Desesperado|Miedo
verífico|Desesperado|Miedo
vigilancia|Desesperado|Miedo
vil|Desesperado|Miedo
violación|Esperanza|Confianza
violencia|Adverso|Enfado
violento|Desesperado|Miedo
volvamos|Pánico|Miedo
volvemos|Desafortunado|Enfado
volveremos|Enfado|Enfado
volverlas|Enfado|Enfado
volverlo|Enfado|Enfado
volverlos|Enfado|Enfado
volverse|Enfado|Enfado
