word|score|sub|emotion|validar score|caso especial
abandonados|1|Decepcionado|Tristeza||
abandonado|1|Decepcionado|Tristeza||
abogado|2|Seguridad|Confianza|*|
aburrido|-1|Por Definir|Por Definir||
absoluto|2|Entusiasmado|Alegría||*
absurdo|-2|Desafortunado|Enfado|*|
abuso|2|molesto|Enfado||
accesible|2|Seguridad|Confianza||
accidente|2|Aterrado|Miedo||
accidentes|1|Aterrado|Miedo||
Admiración|2|Admiración|Sorpresa|*|
acciones|2|Admiración|Sorpresa||*
aceptada|3|Encantado|Alegría||
acepta|3|Encantado|Alegría||
aceptado|1|Encantado|Alegría||
aceptable|1|Encantado|Alegría||
aceptación|1|Encantado|Alegría||
aceptando|1|Fascinado|Alegría||
aceptar|3|Encantado|Alegría||
acoso|1|Aterrado|Miedo||
activo|3|Seguridad|Confianza||
activos|2|Seguridad|Confianza||
acuerda|2|Seguridad|Confianza||
acuerdo|1|Seguridad|Confianza||
aconsejable|2|Fe|Confianza|*|
acusado|1|Molestia|Enfado||
acuerdo|1|Franqueza|Confianza||
apta|1|Seguridad|Confianza|*|
apto|1|Seguridad|Confianza|*|
adaptado|1|Seguridad|Confianza||
adecuada|1|Seguridad|Confianza||
adecuado|2|Seguridad|Confianza||
admisible|2|Esperanza|Confianza|*|
adecuar|1|Sin Calificar|Sin Calificar||
admite|1|Sin Calificar|Sin Calificar||
admitido|-2|Sin Calificar|Sin Calificar||
admitir|2|Sin Calificar|Sin Calificar||
adoptar|2|Sin Calificar|Sin Calificar||
advertencia|-1|Sin Calificar|Sin Calificar||
advertencias|-1|Sin Calificar|Sin Calificar||
advertido|-2|Sin Calificar|Sin Calificar||
afectado|1|Sin Calificar|Sin Calificar||
afortunado|-2|Sin Calificar|Sin Calificar||
agradable|1|Sin Calificar|Sin Calificar||
agradecer|1|Sin Calificar|Sin Calificar||
agradecido|3|Sin Calificar|Sin Calificar||
agresivo|2|Sin Calificar|Sin Calificar||
ahorro|1|Sin Calificar|Sin Calificar||
aislado|1|Sin Calificar|Sin Calificar||
ajuste|1|Sin Calificar|Sin Calificar||
alabanza|4|Sin Calificar|Sin Calificar||
alarma|2|Sin Calificar|Sin Calificar||
alcance|-1|Sin Calificar|Sin Calificar||
alcanza|1|Sin Calificar|Sin Calificar||
alcanzado|1|Sin Calificar|Sin Calificar||
alegre|2|Sin Calificar|Sin Calificar||
alegría|-3|Sin Calificar|Sin Calificar||
alentado|-2|Sin Calificar|Sin Calificar||
alentando|2|Sin Calificar|Sin Calificar||
alentar|-2|Sin Calificar|Sin Calificar||
alerta|1|Sin Calificar|Sin Calificar||
alienta|3|Sin Calificar|Sin Calificar||
amable|1|Sin Calificar|Sin Calificar||
amado|-2|Sin Calificar|Sin Calificar||
amar|-2|Sin Calificar|Sin Calificar||
amenaza|-3|Sin Calificar|Sin Calificar||
amenazado|1|Sin Calificar|Sin Calificar||
amenazante|2|Sin Calificar|Sin Calificar||
amenazas|-1|Sin Calificar|Sin Calificar||
amigable|2|Sin Calificar|Sin Calificar||
amigo|2|Sin Calificar|Sin Calificar||
amistad|-3|Sin Calificar|Sin Calificar||
amor|2|Sin Calificar|Sin Calificar||
amores|1|Sin Calificar|Sin Calificar||
anhelo|1|Sin Calificar|Sin Calificar||
ansiedad|2|Sin Calificar|Sin Calificar||
anti|1|Sin Calificar|Sin Calificar||
apesta|2|Sin Calificar|Sin Calificar||
aplausos|-1|Sin Calificar|Sin Calificar||
apoyar|1|Sin Calificar|Sin Calificar||
apoyo|2|Sin Calificar|Sin Calificar||
apreciación|2|Sin Calificar|Sin Calificar||
apreciado|2|Sin Calificar|Sin Calificar||
apreciar|3|Sin Calificar|Sin Calificar||
aprobación|1|Sin Calificar|Sin Calificar||
aprobado|3|Sin Calificar|Sin Calificar||
apropiado|1|Sin Calificar|Sin Calificar||
armonía|2|Sin Calificar|Sin Calificar||
arrastre|4|Sin Calificar|Sin Calificar||
arrestado|-1|Sin Calificar|Sin Calificar||
arresto|2|Sin Calificar|Sin Calificar||
arriba|3|Sin Calificar|Sin Calificar||
arriesgado|2|Sin Calificar|Sin Calificar||
asalto|1|Sin Calificar|Sin Calificar||
ascenso|2|Sin Calificar|Sin Calificar||
asegurado|-4|Sin Calificar|Sin Calificar||
asegurando|2|Sin Calificar|Sin Calificar||
asegurar|-1|Sin Calificar|Sin Calificar||
asentamiento|2|Sin Calificar|Sin Calificar||
asequible|-1|Sin Calificar|Sin Calificar||
asesinado|2|Sin Calificar|Sin Calificar||
asesinato|-1|Sin Calificar|Sin Calificar||
asqueroso|3|Sin Calificar|Sin Calificar||
asset|3|Sin Calificar|Sin Calificar||
asustado|2|Sin Calificar|Sin Calificar||
atacado|3|Sin Calificar|Sin Calificar||
ataque|1|Sin Calificar|Sin Calificar||
ataques|2|Sin Calificar|Sin Calificar||
atascado|3|Sin Calificar|Sin Calificar||
aterrador|-3|Sin Calificar|Sin Calificar||
atracción|1|Sin Calificar|Sin Calificar||
atracciones|2|Sin Calificar|Sin Calificar||
atractivo|1|Sin Calificar|Sin Calificar||
atraer|3|Sin Calificar|Sin Calificar||
atroz|3|Sin Calificar|Sin Calificar||
aumentado|1|Sin Calificar|Sin Calificar||
aumento|2|Sin Calificar|Sin Calificar||
autoridad|2|Sin Calificar|Sin Calificar||
avanzado|1|Sin Calificar|Sin Calificar||
aventura|3|Sin Calificar|Sin Calificar||
aventuras|1|Sin Calificar|Sin Calificar||
awesome|2|Sin Calificar|Sin Calificar||
ayudar|2|fe|Confianza||
ayudando|2|Sin Calificar|Sin Calificar||
ayuda|2|Complacido|Alegría||
ayudar|2|Sin Calificar|Sin Calificar||
bajo|2|Sin Calificar|Sin Calificar||
barrera|1|Sin Calificar|Sin Calificar||
basura|-4|Sin Calificar|Sin Calificar||
batalla|-1|Sin Calificar|Sin Calificar||
bellamente|-2|Sin Calificar|Sin Calificar||
belleza|2|Sin Calificar|Sin Calificar||
bendiga|3|Sin Calificar|Sin Calificar||
beneficio|2|Sin Calificar|Sin Calificar||
beneficios|-1|Sin Calificar|Sin Calificar||
beneplácito|1|Sin Calificar|Sin Calificar||
beso|2|Sin Calificar|Sin Calificar||
bien|-2|Sin Calificar|Sin Calificar||
bienvenida|-3|Sin Calificar|Sin Calificar||
bizarro|2|Sin Calificar|Sin Calificar||
bla|2|Sin Calificar|Sin Calificar||
bloque|-2|Sin Calificar|Sin Calificar||
bloqueado|-4|Sin Calificar|Sin Calificar||
bloquear|2|Sin Calificar|Sin Calificar||
bloqueo|2|Sin Calificar|Sin Calificar||
bomba|2|Sin Calificar|Sin Calificar||
bonito|2|Sin Calificar|Sin Calificar||
borracho|1|Sin Calificar|Sin Calificar||
borrado|1|Sin Calificar|Sin Calificar||
brillante|3|Sin Calificar|Sin Calificar||
broma|2|Sin Calificar|Sin Calificar||
bromas|1|Sin Calificar|Sin Calificar||
brutal|-3|Sin Calificar|Sin Calificar||
bueno|2|Sin Calificar|Sin Calificar||
caído|2|Sin Calificar|Sin Calificar||
calidad|2|Sin Calificar|Sin Calificar||
cálido|-1|Sin Calificar|Sin Calificar||
calmar|2|Sin Calificar|Sin Calificar||
campeón|1|Sin Calificar|Sin Calificar||
campeones|1|Sin Calificar|Sin Calificar||
cancelado|3|Sin Calificar|Sin Calificar||
cancelar|-1|Sin Calificar|Sin Calificar||
cáncer|-2|Sin Calificar|Sin Calificar||
cansado|-1|Sin Calificar|Sin Calificar||
caos|1|Sin Calificar|Sin Calificar||
capacidad|-2|Sin Calificar|Sin Calificar||
capacidades|2|Sin Calificar|Sin Calificar||
capaz|-1|Sin Calificar|Sin Calificar||
carga|-3|Sin Calificar|Sin Calificar||
cargado|-2|Sin Calificar|Sin Calificar||
cargos|1|Sin Calificar|Sin Calificar||
caritativo|1|Sin Calificar|Sin Calificar||
castigada|-2|Sin Calificar|Sin Calificar||
castigado|1|Sin Calificar|Sin Calificar||
castigo|-4|Sin Calificar|Sin Calificar||
cayendo|2|Sin Calificar|Sin Calificar||
celebración|1|Sin Calificar|Sin Calificar||
celebrar|2|Sin Calificar|Sin Calificar||
censurado|1|Sin Calificar|Sin Calificar||
choque|1|Sin Calificar|Sin Calificar||
chupar|-2|Sin Calificar|Sin Calificar||
ciego|-5|Sin Calificar|Sin Calificar||
cielo|2|Sin Calificar|Sin Calificar||
cierto|1|Sin Calificar|Sin Calificar||
claramente|-1|Sin Calificar|Sin Calificar||
claridad|2|Sin Calificar|Sin Calificar||
claro|-1|Sin Calificar|Sin Calificar||
colapso|2|Sin Calificar|Sin Calificar||
combate|2|Sin Calificar|Sin Calificar||
comedia|1|Sin Calificar|Sin Calificar||
cometido|-1|Sin Calificar|Sin Calificar||
comic|1|Sin Calificar|Sin Calificar||
comodidad|-2|Sin Calificar|Sin Calificar||
cómodo|1|Sin Calificar|Sin Calificar||
compartido|-2|Sin Calificar|Sin Calificar||
compartir|-1|Sin Calificar|Sin Calificar||
compatible|-3|Sin Calificar|Sin Calificar||
competente|1|Sin Calificar|Sin Calificar||
competitivo|1|Sin Calificar|Sin Calificar||
complicado|-2|Sin Calificar|Sin Calificar||
comprometido|-3|Sin Calificar|Sin Calificar||
compromiso|1|Sin Calificar|Sin Calificar||
con cuidado|-1|Sin Calificar|Sin Calificar||
con seguridad|-1|Sin Calificar|Sin Calificar||
concesión|-3|Sin Calificar|Sin Calificar||
condenado|-2|Sin Calificar|Sin Calificar||
confía|2|Sin Calificar|Sin Calificar||
confiable|1|Sin Calificar|Sin Calificar||
confianza|2|Sin Calificar|Sin Calificar||
conflicto|2|Sin Calificar|Sin Calificar||
conflictos|2|Sin Calificar|Sin Calificar||
confundido|4|Sin Calificar|Sin Calificar||
consentimiento|2|Sin Calificar|Sin Calificar||
conspiración|-3|Sin Calificar|Sin Calificar||
contaminación|2|Sin Calificar|Sin Calificar||
contenta|1|Sin Calificar|Sin Calificar||
contento|-1|Sin Calificar|Sin Calificar||
controversia|1|Sin Calificar|Sin Calificar||
controvertido|2|Sin Calificar|Sin Calificar||
convencido|1|Sin Calificar|Sin Calificar||
coño|4|Sin Calificar|Sin Calificar||
cool|1|Sin Calificar|Sin Calificar||
coraje|1|Sin Calificar|Sin Calificar||
corrupción|-1|Sin Calificar|Sin Calificar||
cortar|1|Sin Calificar|Sin Calificar||
corte|2|Sin Calificar|Sin Calificar||
cortes|2|Sin Calificar|Sin Calificar||
cortesía|-2|Sin Calificar|Sin Calificar||
creativo|-1|Sin Calificar|Sin Calificar||
creciente|-1|Sin Calificar|Sin Calificar||
crecimiento|-1|Sin Calificar|Sin Calificar||
crímenes|1|Sin Calificar|Sin Calificar||
criminal|-2|Sin Calificar|Sin Calificar||
crisis|-1|Sin Calificar|Sin Calificar||
crítica|-1|Sin Calificar|Sin Calificar||
críticos|-2|Sin Calificar|Sin Calificar||
crudo|-2|Sin Calificar|Sin Calificar||
cualidades|2|Sin Calificar|Sin Calificar||
cuidado|2|Sin Calificar|Sin Calificar||
cuidadoso|2|Sin Calificar|Sin Calificar||
cuidando|-2|Sin Calificar|Sin Calificar||
culo|1|Sin Calificar|Sin Calificar||
culpa|-2|Sin Calificar|Sin Calificar||
culpable|3|Sin Calificar|Sin Calificar||
curioso|1|Sin Calificar|Sin Calificar||
dañado|2|Sin Calificar|Sin Calificar||
dañino|1|Sin Calificar|Sin Calificar||
daño|2|Sin Calificar|Sin Calificar||
daños|-3|Sin Calificar|Sin Calificar||
de acuerdo|2|Sin Calificar|Sin Calificar||
de confianza|2|Sin Calificar|Sin Calificar||
débil|4|Sin Calificar|Sin Calificar||
decepcionado|1|Sin Calificar|Sin Calificar||
dedicada|2|Sin Calificar|Sin Calificar||
defectos|-2|Sin Calificar|Sin Calificar||
déficit|1|Sin Calificar|Sin Calificar||
dejado|2|Sin Calificar|Sin Calificar||
deleite|2|Sin Calificar|Sin Calificar||
delicioso|-1|Sin Calificar|Sin Calificar||
delito|2|Sin Calificar|Sin Calificar||
demanda|4|Sin Calificar|Sin Calificar||
demandar|1|Sin Calificar|Sin Calificar||
demorado|2|Sin Calificar|Sin Calificar||
demostración|-1|Sin Calificar|Sin Calificar||
denegado|-1|Sin Calificar|Sin Calificar||
derrota|1|Sin Calificar|Sin Calificar||
desacuerdo|-3|Sin Calificar|Sin Calificar||
desafío|3|Sin Calificar|Sin Calificar||
desagradable|-2|Sin Calificar|Sin Calificar||
desastre|2|Sin Calificar|Sin Calificar||
desconectado|-4|Sin Calificar|Sin Calificar||
descontado|-1|Sin Calificar|Sin Calificar||
deseable|-3|Sin Calificar|Sin Calificar||
deseado|-2|Sin Calificar|Sin Calificar||
desear|-2|Sin Calificar|Sin Calificar||
desechar|1|Sin Calificar|Sin Calificar||
desempleo|1|Sin Calificar|Sin Calificar||
deseo|2|Sin Calificar|Sin Calificar||
deseos|-1|Sin Calificar|Sin Calificar||
desesperado|2|Sin Calificar|Sin Calificar||
desorden|-3|Sin Calificar|Sin Calificar||
despedido|-1|Sin Calificar|Sin Calificar||
desperdicio|1|Sin Calificar|Sin Calificar||
destrucción|-3|Sin Calificar|Sin Calificar||
destruido|2|Sin Calificar|Sin Calificar||
destruir|-2|Sin Calificar|Sin Calificar||
detener|1|Sin Calificar|Sin Calificar||
detenido|2|Sin Calificar|Sin Calificar||
deteriorado|-1|Sin Calificar|Sin Calificar||
determinada|1|Sin Calificar|Sin Calificar||
detiene|-4|Sin Calificar|Sin Calificar||
deuda|2|Sin Calificar|Sin Calificar||
devoto|1|Sin Calificar|Sin Calificar||
diamante|-1|Sin Calificar|Sin Calificar||
dick|-3|Sin Calificar|Sin Calificar||
difícil|1|Sin Calificar|Sin Calificar||
dificultad|4|Sin Calificar|Sin Calificar||
digno|2|Sin Calificar|Sin Calificar||
dios|2|Sin Calificar|Sin Calificar||
discapacidad|-1|Sin Calificar|Sin Calificar||
discapacidades|-1|Sin Calificar|Sin Calificar||
disfrutado|-1|Sin Calificar|Sin Calificar||
disfrutano|2|Sin Calificar|Sin Calificar||
disfrutar|-2|Sin Calificar|Sin Calificar||
disparar|4|Sin Calificar|Sin Calificar||
disputa|1|Sin Calificar|Sin Calificar||
disputas|2|Sin Calificar|Sin Calificar||
distinguido|5|Sin Calificar|Sin Calificar||
diversión|2|Sin Calificar|Sin Calificar||
divertida|-2|Sin Calificar|Sin Calificar||
dolencia|-2|Sin Calificar|Sin Calificar||
dolor|-2|Sin Calificar|Sin Calificar||
doloroso|-1|Sin Calificar|Sin Calificar||
donación|-3|Sin Calificar|Sin Calificar||
donaciones|-3|Sin Calificar|Sin Calificar||
donado|-3|Sin Calificar|Sin Calificar||
donar|2|Sin Calificar|Sin Calificar||
duda|2|Sin Calificar|Sin Calificar||
dulce|2|Sin Calificar|Sin Calificar||
durable|2|Sin Calificar|Sin Calificar||
efectivamente|-1|Sin Calificar|Sin Calificar||
efectividad|-2|Sin Calificar|Sin Calificar||
efectivo|-1|Sin Calificar|Sin Calificar||
elegante|-2|Sin Calificar|Sin Calificar||
emergencia|2|Sin Calificar|Sin Calificar||
emocionante|2|Sin Calificar|Sin Calificar||
empeorar|2|Sin Calificar|Sin Calificar||
encantador|2|Sin Calificar|Sin Calificar||
encanto|-1|Sin Calificar|Sin Calificar||
endosado|-1|Sin Calificar|Sin Calificar||
enemigo|4|Sin Calificar|Sin Calificar||
enemigos|3|Sin Calificar|Sin Calificar||
enfermedad|2|Sin Calificar|Sin Calificar||
enfermedades|2|Sin Calificar|Sin Calificar||
enfermo|2|Sin Calificar|Sin Calificar||
enfocado|1|Sin Calificar|Sin Calificar||
engañar|2|Sin Calificar|Sin Calificar||
engaño|2|Sin Calificar|Sin Calificar||
enojado|-3|Sin Calificar|Sin Calificar||
enorme|1|Sin Calificar|Sin Calificar||
entretenido|-1|Sin Calificar|Sin Calificar||
entusiasta|-2|Sin Calificar|Sin Calificar||
equilibrado|1|Sin Calificar|Sin Calificar||
error|-2|Sin Calificar|Sin Calificar||
errores|1|Sin Calificar|Sin Calificar||
escape|-1|Sin Calificar|Sin Calificar||
esclavo|-2|Sin Calificar|Sin Calificar||
espantado|-2|Sin Calificar|Sin Calificar||
esperando|-1|Sin Calificar|Sin Calificar||
esperanza|2|Sin Calificar|Sin Calificar||
esperanzas|1|Sin Calificar|Sin Calificar||
espíritu|-1|Sin Calificar|Sin Calificar||
espléndido|2|Sin Calificar|Sin Calificar||
estable|2|Sin Calificar|Sin Calificar||
estrés|2|Sin Calificar|Sin Calificar||
estupendo|1|Sin Calificar|Sin Calificar||
estúpido|-2|Sin Calificar|Sin Calificar||
ético|2|Sin Calificar|Sin Calificar||
evitar|3|Sin Calificar|Sin Calificar||
excelencia|1|Sin Calificar|Sin Calificar||
excelente|-2|Sin Calificar|Sin Calificar||
excepcional|2|Sin Calificar|Sin Calificar||
excitación|2|Sin Calificar|Sin Calificar||
excitado|1|Sin Calificar|Sin Calificar||
excluido|2|Sin Calificar|Sin Calificar||
excluir|1|Sin Calificar|Sin Calificar||
exclusión|-2|Sin Calificar|Sin Calificar||
exclusivo|1|Sin Calificar|Sin Calificar||
excusa|4|Sin Calificar|Sin Calificar||
exento|1|Sin Calificar|Sin Calificar||
exige|2|Sin Calificar|Sin Calificar||
exigente|-2|Sin Calificar|Sin Calificar||
éxito|-2|Sin Calificar|Sin Calificar||
exitosamente|-2|Sin Calificar|Sin Calificar||
exitoso|-2|Sin Calificar|Sin Calificar||
expandir|-3|Sin Calificar|Sin Calificar||
exploración|-2|Sin Calificar|Sin Calificar||
expuesto|3|Sin Calificar|Sin Calificar||
exquisito|2|Sin Calificar|Sin Calificar||
extender|3|Sin Calificar|Sin Calificar||
extiende|2|Sin Calificar|Sin Calificar||
extraño|3|Sin Calificar|Sin Calificar||
extraviado|1|Sin Calificar|Sin Calificar||
fabuloso|2|Sin Calificar|Sin Calificar||
fácil|-1|Sin Calificar|Sin Calificar||
facilidad|-3|Sin Calificar|Sin Calificar||
fake|-2|Sin Calificar|Sin Calificar||
falla|1|Sin Calificar|Sin Calificar||
fallas|3|Sin Calificar|Sin Calificar||
fallo|3|Sin Calificar|Sin Calificar||
falló|-2|Sin Calificar|Sin Calificar||
fallos|-2|Sin Calificar|Sin Calificar||
falta|3|Sin Calificar|Sin Calificar||
faltante|-2|Sin Calificar|Sin Calificar||
fama|2|Sin Calificar|Sin Calificar||
famoso|-3|Sin Calificar|Sin Calificar||
fan|1|Sin Calificar|Sin Calificar||
fantasma|1|Sin Calificar|Sin Calificar||
fantástico|-2|Sin Calificar|Sin Calificar||
fascinante|-2|Sin Calificar|Sin Calificar||
fatal|3|Sin Calificar|Sin Calificar||
fatalidad|-3|Sin Calificar|Sin Calificar||
favor|-3|Sin Calificar|Sin Calificar||
favor|-1|Sin Calificar|Sin Calificar||
favores|1|Sin Calificar|Sin Calificar||
favorito|3|Sin Calificar|Sin Calificar||
favorito|-4|Sin Calificar|Sin Calificar||
favoritos|4|Sin Calificar|Sin Calificar||
favoritos|-2|Sin Calificar|Sin Calificar||
fe|2|Sin Calificar|Sin Calificar||
felicidad|-2|Sin Calificar|Sin Calificar||
felicitaciones|1|Sin Calificar|Sin Calificar||
feliz|-2|Sin Calificar|Sin Calificar||
feo|1|Sin Calificar|Sin Calificar||
fiabilidad|2|Sin Calificar|Sin Calificar||
fiebre|-3|Sin Calificar|Sin Calificar||
fitness|-1|Sin Calificar|Sin Calificar||
follado|-1|Sin Calificar|Sin Calificar||
fortalecer|1|Sin Calificar|Sin Calificar||
fortalecimiento|-2|Sin Calificar|Sin Calificar||
fortuna|-2|Sin Calificar|Sin Calificar||
forzado|2|Sin Calificar|Sin Calificar||
fracaso|2|Sin Calificar|Sin Calificar||
fraude|2|Sin Calificar|Sin Calificar||
fuego|1|Sin Calificar|Sin Calificar||
fuerte|2|Sin Calificar|Sin Calificar||
fuerza|3|Sin Calificar|Sin Calificar||
funeral|4|Sin Calificar|Sin Calificar||
funky|2|Sin Calificar|Sin Calificar||
furioso|-1|Sin Calificar|Sin Calificar||
gana|-2|Sin Calificar|Sin Calificar||
ganado|2|Sin Calificar|Sin Calificar||
ganador|-2|Sin Calificar|Sin Calificar||
ganancia|-1|Sin Calificar|Sin Calificar||
ganancias|3|Sin Calificar|Sin Calificar||
ganando|3|Sin Calificar|Sin Calificar||
ganar|-1|Sin Calificar|Sin Calificar||
ganó|2|Sin Calificar|Sin Calificar||
garantía|-2|Sin Calificar|Sin Calificar||
gema|-2|Sin Calificar|Sin Calificar||
generoso|-4|Sin Calificar|Sin Calificar||
glory|-2|Sin Calificar|Sin Calificar||
golpeado|3|Sin Calificar|Sin Calificar||
golpes|-2|Sin Calificar|Sin Calificar||
gracia|2|Sin Calificar|Sin Calificar||
gracias|2|Sin Calificar|Sin Calificar||
grand|2|Sin Calificar|Sin Calificar||
grande|3|Sin Calificar|Sin Calificar||
gratis|2|Sin Calificar|Sin Calificar||
gravemente|-1|Sin Calificar|Sin Calificar||
greater|-2|Sin Calificar|Sin Calificar||
gripe|1|Sin Calificar|Sin Calificar||
gris|1|Sin Calificar|Sin Calificar||
gris|-3|Sin Calificar|Sin Calificar||
guardado|1|Sin Calificar|Sin Calificar||
guardar|-2|Sin Calificar|Sin Calificar||
guau|1|Sin Calificar|Sin Calificar||
guerra|-2|Sin Calificar|Sin Calificar||
gusta|2|Sin Calificar|Sin Calificar||
gustado|-3|Sin Calificar|Sin Calificar||
gustas|3|Sin Calificar|Sin Calificar||
habilidad|-2|Sin Calificar|Sin Calificar||
habilidades|1|Sin Calificar|Sin Calificar||
hambre|3|Sin Calificar|Sin Calificar||
hermoso|2|Sin Calificar|Sin Calificar||
héroe|-2|Sin Calificar|Sin Calificar||
héroes|1|Sin Calificar|Sin Calificar||
honesto|-2|Sin Calificar|Sin Calificar||
honor|-1|Sin Calificar|Sin Calificar||
horrible|2|Sin Calificar|Sin Calificar||
hueco|-1|Sin Calificar|Sin Calificar||
huelga|-1|Sin Calificar|Sin Calificar||
humor|2|Sin Calificar|Sin Calificar||
hurt|2|Sin Calificar|Sin Calificar||
ignorado|1|Sin Calificar|Sin Calificar||
ignorar|-1|Sin Calificar|Sin Calificar||
ilegal|2|Sin Calificar|Sin Calificar||
impar|-3|Sin Calificar|Sin Calificar||
imponer|2|Sin Calificar|Sin Calificar||
importa|2|Sin Calificar|Sin Calificar||
importancia|3|Sin Calificar|Sin Calificar||
importante|-3|Sin Calificar|Sin Calificar||
impresionado|-2|Sin Calificar|Sin Calificar||
impresionante|2|Sin Calificar|Sin Calificar||
improbable|-3|Sin Calificar|Sin Calificar||
impuesto|-2|Sin Calificar|Sin Calificar||
impulso|2|Sin Calificar|Sin Calificar||
inapropiado|-1|Sin Calificar|Sin Calificar||
incapaz|-1|Sin Calificar|Sin Calificar||
incompleto|-4|Sin Calificar|Sin Calificar||
incorrecto|-3|Sin Calificar|Sin Calificar||
increible|1|Sin Calificar|Sin Calificar||
increíble|-2|Sin Calificar|Sin Calificar||
incumplimiento|-3|Sin Calificar|Sin Calificar||
indispuesto|2|Sin Calificar|Sin Calificar||
infección|1|Sin Calificar|Sin Calificar||
infecciones|-3|Sin Calificar|Sin Calificar||
infeccioso|-2|Sin Calificar|Sin Calificar||
infectado|-2|Sin Calificar|Sin Calificar||
infierno|2|Sin Calificar|Sin Calificar||
infracción|2|Sin Calificar|Sin Calificar||
inmune|-3|Sin Calificar|Sin Calificar||
innovación|-1|Sin Calificar|Sin Calificar||
innovador|2|Sin Calificar|Sin Calificar||
inquieto|2|Sin Calificar|Sin Calificar||
inspiración|-1|Sin Calificar|Sin Calificar||
inspirado|3|Sin Calificar|Sin Calificar||
integral|-2|Sin Calificar|Sin Calificar||
integridad|2|Sin Calificar|Sin Calificar||
inteligente|2|Sin Calificar|Sin Calificar||
intenso|2|Sin Calificar|Sin Calificar||
interés|1|Sin Calificar|Sin Calificar||
interesado|-2|Sin Calificar|Sin Calificar||
interesante|-4|Sin Calificar|Sin Calificar||
intereses|2|Sin Calificar|Sin Calificar||
invasión|-2|Sin Calificar|Sin Calificar||
invitar|-2|Sin Calificar|Sin Calificar||
ira|-2|Sin Calificar|Sin Calificar||
jaja|2|Sin Calificar|Sin Calificar||
jesús|-3|Sin Calificar|Sin Calificar||
joder|1|Sin Calificar|Sin Calificar||
jodido|-2|Sin Calificar|Sin Calificar||
joya|-2|Sin Calificar|Sin Calificar||
justicia|-2|Sin Calificar|Sin Calificar||
justo|1|Sin Calificar|Sin Calificar||
lágrimas|2|Sin Calificar|Sin Calificar||
lanzado|-2|Sin Calificar|Sin Calificar||
leading|-2|Sin Calificar|Sin Calificar||
lealtad|-2|Sin Calificar|Sin Calificar||
legal|2|Sin Calificar|Sin Calificar||
legalmente|1|Sin Calificar|Sin Calificar||
lerdo|-2|Sin Calificar|Sin Calificar||
lesión|3|Sin Calificar|Sin Calificar||
lesionado|-3|Sin Calificar|Sin Calificar||
lesiones|-1|Sin Calificar|Sin Calificar||
libertad|2|Sin Calificar|Sin Calificar||
liderazgo|-2|Sin Calificar|Sin Calificar||
limitación|2|Sin Calificar|Sin Calificar||
limitado|-2|Sin Calificar|Sin Calificar||
límites|-2|Sin Calificar|Sin Calificar||
limpiador|-3|Sin Calificar|Sin Calificar||
limpio|3|Sin Calificar|Sin Calificar||
lindo|-3|Sin Calificar|Sin Calificar||
lío|-2|Sin Calificar|Sin Calificar||
listo|-3|Sin Calificar|Sin Calificar||
litigio|2|Sin Calificar|Sin Calificar||
llegar|-1|Sin Calificar|Sin Calificar||
llorar|2|Sin Calificar|Sin Calificar||
lobby|1|Sin Calificar|Sin Calificar||
loco|2|Sin Calificar|Sin Calificar||
locura|2|Sin Calificar|Sin Calificar||
lograr|4|Sin Calificar|Sin Calificar||
lol|1|Sin Calificar|Sin Calificar||
lucha|2|Sin Calificar|Sin Calificar||
lucro|2|Sin Calificar|Sin Calificar||
lujo|2|Sin Calificar|Sin Calificar||
luminoso|-2|Sin Calificar|Sin Calificar||
maduro|-3|Sin Calificar|Sin Calificar||
magnífico|-1|Sin Calificar|Sin Calificar||
mal|-2|Sin Calificar|Sin Calificar||
maldito|-2|Sin Calificar|Sin Calificar||
malo|1|Sin Calificar|Sin Calificar||
malvado|1|Sin Calificar|Sin Calificar||
maravilla|1|Sin Calificar|Sin Calificar||
maravilloso|-3|Sin Calificar|Sin Calificar||
mareado|-1|Sin Calificar|Sin Calificar||
más fuerte|-1|Sin Calificar|Sin Calificar||
más grande|3|Sin Calificar|Sin Calificar||
más seguro|-2|Sin Calificar|Sin Calificar||
mata|1|Sin Calificar|Sin Calificar||
matando|-3|Sin Calificar|Sin Calificar||
matar|-4|Sin Calificar|Sin Calificar||
materia|1|Sin Calificar|Sin Calificar||
meando|-3|Sin Calificar|Sin Calificar||
mear|-2|Sin Calificar|Sin Calificar||
medalla|2|Sin Calificar|Sin Calificar||
mejor|-2|Sin Calificar|Sin Calificar||
mejor|3|Sin Calificar|Sin Calificar||
mejora|3|Sin Calificar|Sin Calificar||
mejorado|2|Sin Calificar|Sin Calificar||
mejorando|1|Sin Calificar|Sin Calificar||
mejorar|-1|Sin Calificar|Sin Calificar||
miedo|-1|Sin Calificar|Sin Calificar||
mierda|-2|Sin Calificar|Sin Calificar||
milagro|-1|Sin Calificar|Sin Calificar||
misericordia|2|Sin Calificar|Sin Calificar||
mito|-5|Sin Calificar|Sin Calificar||
molestar|3|Sin Calificar|Sin Calificar||
molesto|-1|Sin Calificar|Sin Calificar||
morir|-1|Sin Calificar|Sin Calificar||
mortal|-3|Sin Calificar|Sin Calificar||
motivación|-1|Sin Calificar|Sin Calificar||
motivado|-2|Sin Calificar|Sin Calificar||
muerte|1|Sin Calificar|Sin Calificar||
muertes|-2|Sin Calificar|Sin Calificar||
muerto|-2|Sin Calificar|Sin Calificar||
muriendo|-3|Sin Calificar|Sin Calificar||
murió|2|Sin Calificar|Sin Calificar||
natural|2|Sin Calificar|Sin Calificar||
negación|-1|Sin Calificar|Sin Calificar||
negado|-3|Sin Calificar|Sin Calificar||
negar|2|Sin Calificar|Sin Calificar||
negativo|-3|Sin Calificar|Sin Calificar||
negociar|-2|Sin Calificar|Sin Calificar||
negrita|-1|Sin Calificar|Sin Calificar||
nervioso|2|Sin Calificar|Sin Calificar||
no|-1|Sin Calificar|Sin Calificar||
noble|2|Sin Calificar|Sin Calificar||
notable|-3|Sin Calificar|Sin Calificar||
novela|-1|Sin Calificar|Sin Calificar||
nueces|-3|Sin Calificar|Sin Calificar||
nuevo|2|Sin Calificar|Sin Calificar||
nunca|-1|Sin Calificar|Sin Calificar||
obligatorio|-3|Sin Calificar|Sin Calificar||
ocultar|-2|Sin Calificar|Sin Calificar||
odio|3|Sin Calificar|Sin Calificar||
ofensa|3|Sin Calificar|Sin Calificar||
ofensivo|-2|Sin Calificar|Sin Calificar||
ojalá|2|Sin Calificar|Sin Calificar||
olvidado|-2|Sin Calificar|Sin Calificar||
olvidar|3|Sin Calificar|Sin Calificar||
olvidé|2|Sin Calificar|Sin Calificar||
oops|-1|Sin Calificar|Sin Calificar||
oportunidades|-1|Sin Calificar|Sin Calificar||
opportunit y|-1|Sin Calificar|Sin Calificar||
oración|-2|Sin Calificar|Sin Calificar||
oraciones|-2|Sin Calificar|Sin Calificar||
orar|-2|Sin Calificar|Sin Calificar||
orgullo|-2|Sin Calificar|Sin Calificar||
orgulloso|-3|Sin Calificar|Sin Calificar||
oro|-3|Sin Calificar|Sin Calificar||
oscuridad|-2|Sin Calificar|Sin Calificar||
otorgado|1|Sin Calificar|Sin Calificar||
pacífico|2|Sin Calificar|Sin Calificar||
pagar|2|Sin Calificar|Sin Calificar||
pánico|-1|Sin Calificar|Sin Calificar||
paradise|-1|Sin Calificar|Sin Calificar||
parcialidad|-3|Sin Calificar|Sin Calificar||
participar|2|Sin Calificar|Sin Calificar||
partidarios|1|Sin Calificar|Sin Calificar||
pasión|4|Sin Calificar|Sin Calificar||
pasivo|-2|Sin Calificar|Sin Calificar||
paz|-2|Sin Calificar|Sin Calificar||
pecado|-1|Sin Calificar|Sin Calificar||
pelea|-2|Sin Calificar|Sin Calificar||
pelear|2|Sin Calificar|Sin Calificar||
peligro|1|Sin Calificar|Sin Calificar||
peligroso|-2|Sin Calificar|Sin Calificar||
penalización|-2|Sin Calificar|Sin Calificar||
peor|-5|Sin Calificar|Sin Calificar||
perder|-2|Sin Calificar|Sin Calificar||
pérdida|-2|Sin Calificar|Sin Calificar||
pérdidas|-2|Sin Calificar|Sin Calificar||
perdido|1|Sin Calificar|Sin Calificar||
perdón|1|Sin Calificar|Sin Calificar||
perezoso|-2|Sin Calificar|Sin Calificar||
perfectamente|-3|Sin Calificar|Sin Calificar||
perfecto|-2|Sin Calificar|Sin Calificar||
perjuicio|-2|Sin Calificar|Sin Calificar||
permitir|-2|Sin Calificar|Sin Calificar||
perra|3|Sin Calificar|Sin Calificar||
perspectivas|-2|Sin Calificar|Sin Calificar||
perturbado|-2|Sin Calificar|Sin Calificar||
pistola|-3|Sin Calificar|Sin Calificar||
placer|2|Sin Calificar|Sin Calificar||
pobre|3|Sin Calificar|Sin Calificar||
pobreza|1|Sin Calificar|Sin Calificar||
poderoso|-2|Sin Calificar|Sin Calificar||
polla|-1|Sin Calificar|Sin Calificar||
polución|2|Sin Calificar|Sin Calificar||
popular|-2|Sin Calificar|Sin Calificar||
popularidad|-2|Sin Calificar|Sin Calificar||
por favor|1|Sin Calificar|Sin Calificar||
porquería|5|Sin Calificar|Sin Calificar||
posibilidad|2|Sin Calificar|Sin Calificar||
posibilidades|2|Sin Calificar|Sin Calificar||
positive|-2|Sin Calificar|Sin Calificar||
precioso|2|Sin Calificar|Sin Calificar||
premiado|2|Sin Calificar|Sin Calificar||
premio|2|Sin Calificar|Sin Calificar||
premios|2|Sin Calificar|Sin Calificar||
preocupación|3|Sin Calificar|Sin Calificar||
preocupado|-3|Sin Calificar|Sin Calificar||
preparado|-2|Sin Calificar|Sin Calificar||
presión|1|Sin Calificar|Sin Calificar||
preso|-2|Sin Calificar|Sin Calificar||
presos|-2|Sin Calificar|Sin Calificar||
prevenir|1|Sin Calificar|Sin Calificar||
previnindo|-2|Sin Calificar|Sin Calificar||
primicia|2|Sin Calificar|Sin Calificar||
prisión|1|Sin Calificar|Sin Calificar||
problema|3|Sin Calificar|Sin Calificar||
problemas|-2|Sin Calificar|Sin Calificar||
profit|2|Sin Calificar|Sin Calificar||
progreso|-1|Sin Calificar|Sin Calificar||
prohibido|-2|Sin Calificar|Sin Calificar||
prohibir|-2|Sin Calificar|Sin Calificar||
promesa|-1|Sin Calificar|Sin Calificar||
promesas|2|Sin Calificar|Sin Calificar||
prometido|3|Sin Calificar|Sin Calificar||
prominente|1|Sin Calificar|Sin Calificar||
promocionar|2|Sin Calificar|Sin Calificar||
promoting|-3|Sin Calificar|Sin Calificar||
promovido|-2|Sin Calificar|Sin Calificar||
promueve|-3|Sin Calificar|Sin Calificar||
prontitud|-1|Sin Calificar|Sin Calificar||
prospecto|2|Sin Calificar|Sin Calificar||
proteger|2|Sin Calificar|Sin Calificar||
protegido|-2|Sin Calificar|Sin Calificar||
protesta|-2|Sin Calificar|Sin Calificar||
pulido|-2|Sin Calificar|Sin Calificar||
puntos fuertes|1|Sin Calificar|Sin Calificar||
puro|1|Sin Calificar|Sin Calificar||
puta|2|Sin Calificar|Sin Calificar||
queja|2|Sin Calificar|Sin Calificar||
quejas|-2|Sin Calificar|Sin Calificar||
querer|2|Sin Calificar|Sin Calificar||
querido|-1|Sin Calificar|Sin Calificar||
quiebra|-2|Sin Calificar|Sin Calificar||
rabia|-3|Sin Calificar|Sin Calificar||
rápido|2|Sin Calificar|Sin Calificar||
raro|2|Sin Calificar|Sin Calificar||
realizado|2|Sin Calificar|Sin Calificar||
rebelde|-2|Sin Calificar|Sin Calificar||
rechazado|-3|Sin Calificar|Sin Calificar||
rechazar|1|Sin Calificar|Sin Calificar||
reclamación|2|Sin Calificar|Sin Calificar||
recomendado|-2|Sin Calificar|Sin Calificar||
recomendar|4|Sin Calificar|Sin Calificar||
recomienda|1|Sin Calificar|Sin Calificar||
recompensa|-1|Sin Calificar|Sin Calificar||
recompensas|-2|Sin Calificar|Sin Calificar||
reconocimiento|1|Sin Calificar|Sin Calificar||
recto|2|Sin Calificar|Sin Calificar||
refinado|-1|Sin Calificar|Sin Calificar||
refinar|-2|Sin Calificar|Sin Calificar||
regalo|1|Sin Calificar|Sin Calificar||
reír|-1|Sin Calificar|Sin Calificar||
reprobado|2|Sin Calificar|Sin Calificar||
repulsivo|-1|Sin Calificar|Sin Calificar||
resaltar|-2|Sin Calificar|Sin Calificar||
rescate|-2|Sin Calificar|Sin Calificar||
resolución|2|Sin Calificar|Sin Calificar||
resolver|-2|Sin Calificar|Sin Calificar||
resolviendo|-2|Sin Calificar|Sin Calificar||
respaldado|1|Sin Calificar|Sin Calificar||
respaldo|-1|Sin Calificar|Sin Calificar||
respetado|2|Sin Calificar|Sin Calificar||
respeto|1|Sin Calificar|Sin Calificar||
responsable|-2|Sin Calificar|Sin Calificar||
responsibility|-3|Sin Calificar|Sin Calificar||
restaurado|2|Sin Calificar|Sin Calificar||
restaurar|-1|Sin Calificar|Sin Calificar||
restricción|-2|Sin Calificar|Sin Calificar||
restringido|-1|Sin Calificar|Sin Calificar||
restringir|1|Sin Calificar|Sin Calificar||
resuelto|-1|Sin Calificar|Sin Calificar||
resuelvo|2|Sin Calificar|Sin Calificar||
retenido|-2|Sin Calificar|Sin Calificar||
retirada|-2|Sin Calificar|Sin Calificar||
retiro|1|Sin Calificar|Sin Calificar||
retraso|2|Sin Calificar|Sin Calificar||
rico|1|Sin Calificar|Sin Calificar||
ridículo|-3|Sin Calificar|Sin Calificar||
riendo|-1|Sin Calificar|Sin Calificar||
riesgo|-3|Sin Calificar|Sin Calificar||
riesgos|1|Sin Calificar|Sin Calificar||
riqueza|-2|Sin Calificar|Sin Calificar||
robado|-2|Sin Calificar|Sin Calificar||
robar|-2|Sin Calificar|Sin Calificar||
robo|-3|Sin Calificar|Sin Calificar||
robusto|3|Sin Calificar|Sin Calificar||
romance|-2|Sin Calificar|Sin Calificar||
rompió|-3|Sin Calificar|Sin Calificar||
rosa|2|Sin Calificar|Sin Calificar||
roto|2|Sin Calificar|Sin Calificar||
sabiduría|-3|Sin Calificar|Sin Calificar||
sad|-1|Sin Calificar|Sin Calificar||
salir|-2|Sin Calificar|Sin Calificar||
saludable|-1|Sin Calificar|Sin Calificar||
saludo|-2|Sin Calificar|Sin Calificar||
saludos|3|Sin Calificar|Sin Calificar||
salvación|-1|Sin Calificar|Sin Calificar||
salvo|2|Sin Calificar|Sin Calificar||
sangriento|2|Sin Calificar|Sin Calificar||
satisfecho|-1|Sin Calificar|Sin Calificar||
segura|2|Sin Calificar|Sin Calificar||
seguridad|-2|Sin Calificar|Sin Calificar||
seguro|1|Sin Calificar|Sin Calificar||
sentimiento|-2|Sin Calificar|Sin Calificar||
señorita|1|Sin Calificar|Sin Calificar||
servicial|-2|Sin Calificar|Sin Calificar||
severo|-3|Sin Calificar|Sin Calificar||
sexy|-1|Sin Calificar|Sin Calificar||
shock|-1|Sin Calificar|Sin Calificar||
sí|-2|Sin Calificar|Sin Calificar||
significado|3|Sin Calificar|Sin Calificar||
significativo|1|Sin Calificar|Sin Calificar||
simpatía|2|Sin Calificar|Sin Calificar||
simpático|-2|Sin Calificar|Sin Calificar||
sin hogar|-1|Sin Calificar|Sin Calificar||
slip|-2|Sin Calificar|Sin Calificar||
sobreviviente|-1|Sin Calificar|Sin Calificar||
sofisticado|1|Sin Calificar|Sin Calificar||
sol|2|Sin Calificar|Sin Calificar||
sólido|1|Sin Calificar|Sin Calificar||
solitario|-2|Sin Calificar|Sin Calificar||
solo|-1|Sin Calificar|Sin Calificar||
soltar|2|Sin Calificar|Sin Calificar||
solución|3|Sin Calificar|Sin Calificar||
solucionado|1|Sin Calificar|Sin Calificar||
soluciones|2|Sin Calificar|Sin Calificar||
sonrisa|-2|Sin Calificar|Sin Calificar||
soporta|2|Sin Calificar|Sin Calificar||
sospecha|4|Sin Calificar|Sin Calificar||
sospechoso|-1|Sin Calificar|Sin Calificar||
sostenibilidad|2|Sin Calificar|Sin Calificar||
sostenible|3|Sin Calificar|Sin Calificar||
spam|-2|Sin Calificar|Sin Calificar||
suciedad|-3|Sin Calificar|Sin Calificar||
sucio|-5|Sin Calificar|Sin Calificar||
sueltos|-2|Sin Calificar|Sin Calificar||
sueño|-1|Sin Calificar|Sin Calificar||
sueños|1|Sin Calificar|Sin Calificar||
suerte|2|Sin Calificar|Sin Calificar||
sufrido|-3|Sin Calificar|Sin Calificar||
sufrimiento|3|Sin Calificar|Sin Calificar||
sufrir|2|Sin Calificar|Sin Calificar||
suicidio|-3|Sin Calificar|Sin Calificar||
super|2|Sin Calificar|Sin Calificar||
supera|2|Sin Calificar|Sin Calificar||
superior|3|Sin Calificar|Sin Calificar||
supremo|2|Sin Calificar|Sin Calificar||
suspendido|-2|Sin Calificar|Sin Calificar||
suspensión|1|Sin Calificar|Sin Calificar||
sustancial|-2|Sin Calificar|Sin Calificar||
sustancialmente|-2|Sin Calificar|Sin Calificar||
talento|2|Sin Calificar|Sin Calificar||
tener éxito|-1|Sin Calificar|Sin Calificar||
tensión|-2|Sin Calificar|Sin Calificar||
terrible|-3|Sin Calificar|Sin Calificar||
terror|3|Sin Calificar|Sin Calificar||
terrorista|-2|Sin Calificar|Sin Calificar||
terroristas|2|Sin Calificar|Sin Calificar||
tesoro|-2|Sin Calificar|Sin Calificar||
tesoros|-2|Sin Calificar|Sin Calificar||
tetas|2|Sin Calificar|Sin Calificar||
tierno|-2|Sin Calificar|Sin Calificar||
titulado|2|Sin Calificar|Sin Calificar||
tolerancia|4|Sin Calificar|Sin Calificar||
tonto|2|Sin Calificar|Sin Calificar||
tops|-2|Sin Calificar|Sin Calificar||
tortura|-3|Sin Calificar|Sin Calificar||
tóxico|-1|Sin Calificar|Sin Calificar||
tragedia|-2|Sin Calificar|Sin Calificar||
trampa|2|Sin Calificar|Sin Calificar||
trampas|-3|Sin Calificar|Sin Calificar||
trastornado|-1|Sin Calificar|Sin Calificar||
trastornos|2|Sin Calificar|Sin Calificar||
trauma|1|Sin Calificar|Sin Calificar||
tributo|-2|Sin Calificar|Sin Calificar||
triunfo|2|Sin Calificar|Sin Calificar||
tumba|-2|Sin Calificar|Sin Calificar||
tumor|3|Sin Calificar|Sin Calificar||
unido|1|Sin Calificar|Sin Calificar||
unificado|-2|Sin Calificar|Sin Calificar||
unirse|2|Sin Calificar|Sin Calificar||
urgente|-2|Sin Calificar|Sin Calificar||
usad|-3|Sin Calificar|Sin Calificar||
útil|-2|Sin Calificar|Sin Calificar||
vacío|3|Sin Calificar|Sin Calificar||
vale la pena|-3|Sin Calificar|Sin Calificar||
válido|3|Sin Calificar|Sin Calificar||
valiente|2|Sin Calificar|Sin Calificar||
veneno|-3|Sin Calificar|Sin Calificar||
venganza|-1|Sin Calificar|Sin Calificar||
ventaja|-3|Sin Calificar|Sin Calificar||
ventajas|-4|Sin Calificar|Sin Calificar||
vergüenza|2|Sin Calificar|Sin Calificar||
víctima|-2|Sin Calificar|Sin Calificar||
víctimas|2|Sin Calificar|Sin Calificar||
victor|3|Sin Calificar|Sin Calificar||
victoria|1|Sin Calificar|Sin Calificar||
violación|-2|Sin Calificar|Sin Calificar||
violaciones|-2|Sin Calificar|Sin Calificar||
violar|-2|Sin Calificar|Sin Calificar||
violencia|2|Sin Calificar|Sin Calificar||
violento|2|Sin Calificar|Sin Calificar||
visión|-1|Sin Calificar|Sin Calificar||
vitamin|-2|Sin Calificar|Sin Calificar||
vivo|-2|Sin Calificar|Sin Calificar||
volcar|-1|Sin Calificar|Sin Calificar||
vulnerabilidad|2|Sin Calificar|Sin Calificar||
vulnerable|2|Sin Calificar|Sin Calificar||
yeah|1|Sin Calificar|Sin Calificar||
zorra|-2|Sin Calificar|Sin Calificar||
nada|6|Negaciones|Negaciones||
nadie|6|Negaciones|Negaciones||
ni|6|Negaciones|Negaciones||
ningún|6|Negaciones|Negaciones||
ningún|6|Negaciones|Negaciones||
ninguna|6|Negaciones|Negaciones||
ninguno|6|Negaciones|Negaciones||
no|6|Negaciones|Negaciones||
buenísimo|7|Superlativos|Superlativos||
extra|7|Superlativos|Superlativos||
máximo|7|Superlativos|Superlativos||
mayor|7|Superlativos|Superlativos||
mejores |7|Superlativos|Superlativos||
muy|7|Superlativos|Superlativos||
óptimo|7|Superlativos|Superlativos||
prontísimo|7|Superlativos|Superlativos||
super|7|Superlativos|Superlativos||
súper|7|Superlativos|Superlativos||
tan|7|Superlativos|Superlativos||
malísimo|8|Superlativos Negativos|Superlativos Negativos||
mínimo|8|Superlativos Negativos|Superlativos Negativos||
pésimo|8|Superlativos Negativos|Superlativos Negativos||
poco|8|Superlativos Negativos|Superlativos Negativos||
tardísimo|8|Superlativos Negativos|Superlativos Negativos||
